0.0, 3102320.398473477, 29.4392, 202
0.0, 2086778.387253982, 26760.7310, 158
0.0, 3009207.3233061014, 24107.9970, 184
0.0, 3072813.3872384657, 18359.7080, 202
0.0, 2974894.2685080445, 20592.3110, 184
0.0, 2597564.279871411, 29951.6810, 186
0.0, 3033548.298421701, 29633.9700, 184
0.0, 2558562.247542046, 17453.3730, 192
0.0, 2421661.6676186393, 19407.6200, 172
0.0, 3141294.1297825845, 25938.1980, 196
0.0, 2883461.6396087534, 20245.4890, 184
0.0, 2490295.6182236667, 20642.9610, 186
0.0, 2698000.917470556, 16068.4310, 188
0.0, 2460841.8687817426, 19722.1930, 178
0.0, 2594057.4709351314, 18734.0400, 168
0.0, 3135228.514964017, 27303.0470, 192
0.0, 3051713.9412994497, 25303.2690, 196
0.0, 2622581.7825103183, 21698.2520, 196
0.0, 2764062.6872828, 22409.1400, 170
0.0, 3162871.266774247, 16565.3740, 182
0.0, 2538429.3012801292, 24632.7820, 176
0.0, 3453990.0612822236, 38640.2550, 198
0.0, 2900411.652920698, 24519.0990, 192
0.0, 2857452.2148173344, 22757.4760, 190
0.0, 2912641.478464875, 23731.6620, 172
0.0, 2850186.542541959, 19282.8760, 182
0.0, 3060764.0506154792, 24586.4340, 194
0.0, 2400896.669028276, 20961.0540, 174
0.0, 2355375.8641652414, 23837.7630, 184
0.0, 3089265.979632446, 28640.0490, 200
0.0, 2937847.554123366, 15474.2360, 198
0.0, 2852791.889487342, 23792.6210, 188
0.0, 3104606.859569105, 27211.5410, 184
0.0, 2553814.3918257444, 21246.3690, 184
0.0, 2399422.26692576, 16969.7620, 170
0.0, 2984067.0995436953, 19011.7370, 184
0.0, 2113645.757536138, 24828.5780, 192
0.0, 2756780.668910949, 16981.0300, 186
0.0, 2617101.914201747, 24453.6260, 186
0.0, 3084032.4246282103, 22378.6420, 186
0.0, 3298349.0559684522, 24993.4460, 194
0.0, 3327803.553179926, 14746.0130, 206
0.0, 1831895.7671809262, 20880.3830, 186
0.0, 2725654.523013554, 26646.9450, 192
0.0, 2871026.7671920266, 25913.9170, 192
0.0, 2357817.4229235044, 18700.0150, 196
0.0, 2605740.747605362, 18076.6160, 206
0.0, 3060456.502332799, 24046.6160, 194
0.0, 2997372.99039214, 22991.3540, 210
0.0, 2729174.2516603014, 19497.5510, 182
1.0, 3054344.1253597033, 31486.3780, 204
1.0, 2086778.387253982, 26760.7310, 158
1.0, 3007315.5942437295, 24590.9070, 190
1.0, 3072813.3872384657, 18359.7080, 202
1.0, 2974894.2685080445, 20592.3110, 184
1.0, 2603587.626191473, 28864.3660, 190
1.0, 3033548.298421701, 29633.9700, 186
1.0, 2564071.496221364, 19292.0530, 192
1.0, 2421540.352310389, 19407.6200, 172
1.0, 3141138.1055906327, 25938.1980, 196
1.0, 2883510.063311959, 20414.9890, 190
1.0, 2489901.026952625, 22165.8580, 186
1.0, 2697898.3373205108, 15951.1370, 188
1.0, 2416396.925296283, 20118.5150, 180
1.0, 2594057.4709351314, 18734.0400, 168
1.0, 3135228.2682810035, 27303.0470, 192
1.0, 3051663.511831884, 25303.2690, 196
1.0, 2576485.561172274, 22273.9290, 198
1.0, 2763749.775957011, 22409.1400, 170
1.0, 3162871.266774247, 16565.3740, 182
1.0, 2538430.2427686336, 24632.7820, 176
1.0, 3453959.666510975, 38640.2550, 198
1.0, 2900438.917402319, 24519.0990, 192
1.0, 2857455.8472521775, 22757.4760, 190
1.0, 2912641.478464875, 23731.6620, 172
1.0, 2850114.5763885095, 19282.8760, 182
1.0, 3060742.2527078446, 24586.4340, 194
1.0, 2400485.4604970813, 20961.0540, 176
1.0, 2355375.8641652414, 23837.7630, 184
1.0, 3089266.5686964802, 28640.0490, 200
1.0, 2937996.696020978, 15474.2360, 204
1.0, 2852783.443180285, 23817.5110, 190
1.0, 3104755.1436695172, 27183.5250, 184
1.0, 2553812.644566366, 21246.3690, 186
1.0, 2399407.7437434234, 16979.6400, 172
1.0, 2984274.0317046638, 19011.7370, 184
1.0, 2113645.757536138, 24828.5780, 194
1.0, 2748911.648678659, 17984.2750, 186
1.0, 2617101.7585131344, 24453.6260, 186
1.0, 3084032.4246282103, 22378.6420, 188
1.0, 3298349.0559684522, 24993.4460, 194
1.0, 3328014.866586652, 14746.0130, 206
1.0, 1831825.547580271, 20880.3830, 186
1.0, 2725654.523013554, 26646.9450, 194
1.0, 2871025.564873911, 25913.9170, 192
1.0, 2358431.8532509003, 18789.9430, 200
1.0, 2605581.8817574983, 18771.0720, 212
1.0, 3060456.502332799, 24046.6160, 196
1.0, 2997354.6077118632, 22991.3540, 210
1.0, 2729174.36706122, 19497.5510, 182
2.0, 3054525.682501834, 31486.3780, 204
2.0, 2086778.387253982, 26760.7310, 158
2.0, 3007218.910276665, 24590.9070, 190
2.0, 3072778.0099733095, 18518.7840, 202
2.0, 2974845.500706378, 20354.4950, 184
2.0, 2603629.232418325, 28827.4620, 186
2.0, 3033596.9146988112, 29633.9700, 186
2.0, 2563680.0527342437, 19361.9050, 192
2.0, 2421540.352310389, 19407.6200, 172
2.0, 3141178.7742133127, 25953.7680, 196
2.0, 2883508.516543751, 20414.9890, 190
2.0, 2489865.9950630614, 22165.8580, 186
2.0, 2697898.3373205108, 15951.1370, 188
2.0, 2416354.6622909666, 20180.7690, 184
2.0, 2594057.4709351314, 18734.0400, 168
2.0, 3125073.515481263, 25764.0050, 194
2.0, 3051649.156208321, 25306.7130, 198
2.0, 2576486.9443107937, 22273.9290, 198
2.0, 2763393.537199968, 22409.1400, 170
2.0, 3162871.266774247, 16565.3740, 182
2.0, 2535497.0527040097, 25010.0350, 176
2.0, 3453930.948614458, 38640.2550, 198
2.0, 2851920.624923755, 25368.9540, 198
2.0, 2942394.10948287, 23456.7320, 192
2.0, 2912762.1881881766, 23731.6620, 172
2.0, 2850114.5763885095, 19282.8760, 184
2.0, 3060820.5571024786, 24586.4340, 194
2.0, 2400485.4604970813, 20961.0540, 176
2.0, 2355404.0181945325, 23837.7630, 184
2.0, 3089120.8178672283, 29781.7830, 202
2.0, 2937996.696020978, 15474.2360, 204
2.0, 2852592.5925033963, 23817.5110, 192
2.0, 3104755.1436695172, 27183.5250, 184
2.0, 2594642.8482660046, 20556.5790, 184
2.0, 2398626.2573944293, 15140.5630, 174
2.0, 2984274.0317046638, 19011.7370, 184
2.0, 2113638.3981795157, 24842.4160, 198
2.0, 2743085.6146630896, 17770.4380, 186
2.0, 2617030.43437835, 24613.0160, 186
2.0, 3084032.4246282103, 22378.6420, 188
2.0, 3225725.5129728094, 23210.9230, 196
2.0, 3318776.85331268, 14617.1040, 210
2.0, 1831842.5621918149, 20880.3830, 190
2.0, 2725654.523013554, 26646.9450, 194
2.0, 2871025.564873911, 25913.9170, 192
2.0, 2358266.6303329244, 18989.4110, 204
2.0, 2600781.9511228832, 19110.3180, 216
2.0, 3060461.9288386665, 24202.7040, 198
2.0, 2994714.042285792, 23811.2050, 210
2.0, 2728839.9004656407, 20531.3640, 182
3.0, 3120608.1149806785, 29109.4650, 204
3.0, 2086749.0736978808, 26760.7310, 158
3.0, 2989422.732160029, 26807.1110, 194
3.0, 3072778.0099733095, 18518.7840, 204
3.0, 2974845.500706378, 20354.4950, 184
3.0, 2593577.3170164246, 32389.0130, 186
3.0, 3033596.9146988112, 29633.9700, 186
3.0, 2563680.0527342437, 19361.9050, 192
3.0, 2421540.352310389, 19407.6200, 172
3.0, 3141170.0402448415, 25953.7680, 196
3.0, 2936264.7355257585, 19663.2190, 188
3.0, 2489865.9950630614, 22165.8580, 190
3.0, 2697902.731896879, 15951.1370, 188
3.0, 2412095.574668378, 20218.8000, 184
3.0, 2594059.616936948, 18734.0400, 168
3.0, 3125062.3680792553, 25764.0050, 194
3.0, 3064285.4860866778, 22939.1310, 196
3.0, 2624206.5740599325, 23539.0550, 196
3.0, 2722206.0687770597, 22683.8820, 174
3.0, 3163012.053095508, 16617.6340, 186
3.0, 2535497.0527040097, 25010.0350, 178
3.0, 3449372.8972511473, 38096.9800, 198
3.0, 2851894.2695185044, 25313.4500, 196
3.0, 2879297.9314719466, 23422.8610, 194
3.0, 2910252.0171808507, 24124.6070, 172
3.0, 2911398.0794503824, 18516.3860, 182
3.0, 3060848.5241586436, 24586.4340, 194
3.0, 2400485.4604970813, 20961.0540, 176
3.0, 2355413.9620923917, 23841.4050, 186
3.0, 3088967.631686215, 29781.7830, 202
3.0, 2876283.4081694162, 16406.3820, 206
3.0, 2852689.145785487, 23427.9830, 192
3.0, 3104713.843627579, 27183.5250, 184
3.0, 2594607.1532533513, 20649.8910, 188
3.0, 2398626.2573944293, 15140.5630, 178
3.0, 2983958.3306415337, 19584.3730, 184
3.0, 2113605.428048085, 25221.8280, 196
3.0, 2743085.6146630896, 17770.4380, 186
3.0, 2617030.43437835, 24613.0160, 186
3.0, 3084152.8546893517, 22378.6420, 192
3.0, 3225725.5129728094, 23210.9230, 198
3.0, 3309053.86633453, 14609.7650, 210
3.0, 1830223.459560676, 21357.4970, 190
3.0, 2725704.361040923, 26646.9450, 194
3.0, 2871005.240652254, 25913.9170, 192
3.0, 2358270.9017090416, 18989.4110, 206
3.0, 2600627.2060101493, 19113.1640, 214
3.0, 3060365.4199747387, 24225.3540, 198
3.0, 2988105.110112326, 24559.9890, 210
3.0, 2727404.896345215, 20631.4970, 182
4.0, 3120600.900134714, 29128.9030, 204
4.0, 2086749.0736978808, 26760.7310, 158
4.0, 2989410.2552004824, 26807.1110, 196
4.0, 3072694.6907492485, 18547.9500, 208
4.0, 2974845.500706378, 20354.4950, 184
4.0, 2593577.3170164246, 32389.0130, 186
4.0, 3033555.651303199, 29633.9700, 186
4.0, 2563680.0527342437, 19361.9050, 192
4.0, 2421542.091948614, 19407.6200, 172
4.0, 3141170.0402448415, 25953.7680, 196
4.0, 2936264.7355257585, 19663.2190, 188
4.0, 2489820.4082279606, 22165.8580, 190
4.0, 2697902.731896879, 15951.1370, 188
4.0, 2411463.8459535236, 21177.6260, 186
4.0, 2594059.616936948, 18734.0400, 170
4.0, 3193294.1954154028, 30246.6650, 192
4.0, 3023020.2557710833, 26920.7170, 204
4.0, 2624195.197630261, 23549.6030, 196
4.0, 2722273.639804444, 22683.8820, 174
4.0, 3163009.3100249134, 16617.6340, 188
4.0, 2538402.789662822, 24632.7820, 178
4.0, 3453650.616844767, 38349.1350, 200
4.0, 2851969.8771480895, 25313.4500, 196
4.0, 2942427.594556535, 23456.7320, 192
4.0, 2912693.087823455, 23889.6560, 172
4.0, 2908422.4192595165, 17763.8620, 180
4.0, 3060848.5241586436, 24586.4340, 194
4.0, 2523424.5667491625, 21387.9540, 178
4.0, 2355455.5340549788, 23841.4050, 190
4.0, 3088967.631686215, 29781.7830, 202
4.0, 2956797.250633979, 16872.1590, 204
4.0, 2851724.9315311057, 25504.0620, 192
4.0, 3104737.371025644, 27183.5250, 184
4.0, 2551244.384746455, 21184.5330, 184
4.0, 2394910.8795208437, 14430.7660, 178
4.0, 2968584.4662744626, 19792.2060, 186
4.0, 2174408.7102864645, 27540.1190, 192
4.0, 2743118.6929734694, 17770.4380, 186
4.0, 2549638.252242581, 26336.2540, 188
4.0, 3084158.2511570514, 22378.6420, 192
4.0, 3225725.5129728094, 23210.9230, 198
4.0, 3309053.86633453, 14609.7650, 210
4.0, 1787910.4727946224, 23519.7430, 192
4.0, 2725704.361040923, 26646.9450, 196
4.0, 2870963.1420354173, 25958.4490, 196
4.0, 2384299.735987041, 17716.4810, 206
4.0, 2600725.045822865, 19113.1640, 218
4.0, 3079357.529613114, 24243.6060, 202
4.0, 2920693.6690079947, 28529.2890, 212
4.0, 2727404.896345215, 20631.4970, 182
5.0, 3120600.900134714, 29128.9030, 204
5.0, 2084823.0797742063, 26576.4730, 158
5.0, 3005591.0188140706, 26178.0660, 194
5.0, 3072699.502592369, 18629.6320, 208
5.0, 2950748.8263532333, 20892.1360, 188
5.0, 2593577.3170164246, 32389.0130, 188
5.0, 3033469.8839718313, 29633.9700, 188
5.0, 2587356.833124758, 18169.9640, 194
5.0, 2421542.091948614, 19407.6200, 172
5.0, 3141370.394426765, 26031.3400, 208
5.0, 2931462.6891844533, 19601.0760, 190
5.0, 2552177.0840795217, 21481.8470, 188
5.0, 2697879.406868239, 15943.8430, 188
5.0, 2411463.8459535236, 21177.6260, 188
5.0, 2594092.045260812, 18734.0400, 170
5.0, 3127714.7913143043, 28771.5670, 194
5.0, 3023020.2557710833, 26920.7170, 204
5.0, 2624195.197630261, 23549.6030, 196
5.0, 2722273.639804444, 22683.8820, 174
5.0, 3163096.8239446473, 16617.6340, 192
5.0, 2538405.8607101403, 24632.7820, 178
5.0, 3453650.616844767, 38349.1350, 200
5.0, 2852003.274378408, 25313.4500, 196
5.0, 2942460.6306621796, 23430.4200, 194
5.0, 2912693.087823455, 23889.6560, 172
5.0, 2908459.7734732777, 17763.8620, 180
5.0, 3060848.5241586436, 24586.4340, 194
5.0, 2523424.5667491625, 21387.9540, 178
5.0, 2355296.115548415, 24061.9430, 190
5.0, 3089120.8178672283, 29781.7830, 202
5.0, 2956995.98717441, 16001.7870, 200
5.0, 2851724.9315311057, 25504.0620, 192
5.0, 3162423.272062088, 29959.5750, 182
5.0, 2551235.773731236, 21212.6390, 186
5.0, 2394909.9486236423, 14438.8720, 180
5.0, 2967872.7131006955, 19375.3710, 186
5.0, 2174424.296540348, 27190.9270, 198
5.0, 2720434.1852547885, 19324.8750, 186
5.0, 2604877.36299824, 25503.7370, 186
5.0, 3084183.1231350335, 22378.6420, 192
5.0, 3225727.0498048947, 23210.9230, 200
5.0, 3304208.297076666, 14919.2110, 210
5.0, 1787895.5780444487, 23519.7430, 192
5.0, 2725777.899422224, 26869.0510, 204
5.0, 2870939.827600363, 25958.4490, 196
5.0, 2384299.735987041, 17716.4810, 206
5.0, 2587986.0129801664, 18206.2140, 214
5.0, 3013445.787648375, 23262.0890, 206
5.0, 2920686.02165776, 28532.1310, 214
5.0, 2664277.9951016237, 18649.1890, 192
6.0, 3120600.900134714, 29128.9030, 204
6.0, 2084823.0797742063, 26576.4730, 158
6.0, 3005621.0778507004, 26178.0660, 194
6.0, 3075734.2081008255, 18678.6290, 212
6.0, 2950754.6480817697, 20892.1360, 188
6.0, 2593577.3170164246, 32389.0130, 188
6.0, 3033469.8839718313, 29633.9700, 188
6.0, 2587362.3875384494, 18169.9640, 196
6.0, 2421542.091948614, 19407.6200, 172
6.0, 3141370.394426765, 26031.3400, 208
6.0, 2931505.9932158133, 19601.0760, 190
6.0, 2552177.0840795217, 21481.8470, 188
6.0, 2697905.7730704388, 15943.8430, 188
6.0, 2413945.6022796603, 20509.0120, 188
6.0, 2593995.522353402, 18734.0400, 170
6.0, 3127714.7913143043, 28771.5670, 194
6.0, 3064220.16666525, 22939.1310, 198
6.0, 2624332.440127058, 22236.2510, 196
6.0, 2722273.639804444, 22683.8820, 174
6.0, 3163074.1854926753, 16687.2020, 198
6.0, 2537917.4607272134, 25012.5960, 178
6.0, 3426093.556785103, 39932.5380, 200
6.0, 2852190.377932121, 25313.4500, 196
6.0, 2942396.8781058853, 23446.6780, 194
6.0, 2912309.8531560614, 23889.6560, 172
6.0, 2908459.7734732777, 17763.8620, 180
6.0, 3060846.0404526303, 24586.4340, 194
6.0, 2523419.466001566, 21387.9540, 178
6.0, 2355296.115548415, 24061.9430, 192
6.0, 3086020.92630751, 28519.9490, 202
6.0, 2956962.6460859696, 16001.7870, 200
6.0, 2851748.2265086165, 25504.0620, 192
6.0, 3162423.272062088, 29959.5750, 184
6.0, 2535233.9778425475, 21700.9530, 186
6.0, 2394909.9486236423, 14438.8720, 180
6.0, 2962511.2128813523, 18903.3140, 190
6.0, 2174343.6602432467, 27190.9270, 198
6.0, 2720434.1852547885, 19324.8750, 186
6.0, 2604776.223043126, 25503.7370, 186
6.0, 3084121.0084763593, 22730.3760, 192
6.0, 3218158.2176907063, 23220.4970, 200
6.0, 3314039.224299286, 14162.0440, 210
6.0, 1787895.5780444487, 23519.7430, 192
6.0, 2725618.2306777416, 26869.0510, 204
6.0, 2870929.9941709167, 25958.4490, 196
6.0, 2402457.625769067, 17764.6820, 208
6.0, 2587324.156484321, 19116.7980, 212
6.0, 3013444.116617431, 23262.0890, 206
6.0, 2925931.2736502537, 27357.9970, 214
6.0, 2663418.7622439666, 17758.4390, 192
7.0, 3120442.0863587335, 29128.9030, 204
7.0, 2084799.075162739, 26576.4730, 158
7.0, 3003123.4540972183, 24761.7250, 194
7.0, 3085658.490220022, 16664.6930, 216
7.0, 2947795.502394608, 21187.1730, 188
7.0, 2593339.090908245, 32601.0350, 190
7.0, 3033469.8839718313, 29633.9700, 188
7.0, 2582599.4368738127, 18583.6200, 196
7.0, 2392438.896883443, 19777.9790, 172
7.0, 3140301.2723410605, 26077.0740, 208
7.0, 2931506.280144008, 19601.0760, 190
7.0, 2585562.804071295, 21663.6880, 188
7.0, 2697905.586533297, 15951.1370, 188
7.0, 2413971.2030165102, 20528.9060, 188
7.0, 2590241.4350853674, 19900.6150, 170
7.0, 3127735.89383554, 28771.5670, 194
7.0, 3050187.3745461144, 21161.2000, 198
7.0, 2624364.1925226417, 22236.2510, 196
7.0, 2763686.358685345, 22448.6020, 172
7.0, 3163016.8955751234, 16799.4760, 200
7.0, 2537917.4607272134, 25012.5960, 178
7.0, 3426093.556785103, 39932.5380, 202
7.0, 2852076.2100945357, 25440.0940, 196
7.0, 2942468.42864277, 23514.1280, 194
7.0, 2910738.377583969, 25548.0340, 172
7.0, 2908460.9742108914, 17763.8620, 182
7.0, 3060778.3170059393, 24586.4340, 194
7.0, 2523419.466001566, 21387.9540, 178
7.0, 2355296.115548415, 24061.9430, 192
7.0, 3086014.668921984, 28519.9490, 202
7.0, 2956962.6460859696, 16001.7870, 202
7.0, 2851830.1976542035, 25510.2360, 192
7.0, 3162377.9070894406, 29959.5750, 184
7.0, 2535233.9778425475, 21700.9530, 186
7.0, 2398286.4777876465, 15148.6690, 182
7.0, 2959059.347993971, 19580.5610, 190
7.0, 2174343.6602432467, 27190.9270, 198
7.0, 2716218.035857738, 20261.7750, 190
7.0, 2604776.223043126, 25503.7370, 188
7.0, 3084121.0084763593, 22730.3760, 192
7.0, 3218158.2176907063, 23220.4970, 200
7.0, 3294992.205729595, 14204.1410, 210
7.0, 1787895.5780444487, 23519.7430, 192
7.0, 2725618.2306777416, 26869.0510, 204
7.0, 2805417.9664442753, 26938.1810, 200
7.0, 2402457.625769067, 17764.6820, 210
7.0, 2587304.8685757634, 19122.6700, 210
7.0, 3002502.7239544955, 23569.6390, 204
7.0, 2924046.1800493146, 28166.7610, 214
7.0, 2642359.4637705158, 19927.8120, 192
8.0, 3110189.201083979, 29162.3790, 204
8.0, 2084799.075162739, 26576.4730, 158
8.0, 3009762.6109083043, 26638.1610, 204
8.0, 3085658.490220022, 16664.6930, 218
8.0, 2945502.3055020664, 20753.1880, 190
8.0, 2593339.090908245, 32601.0350, 192
8.0, 3033522.6703901626, 29633.9700, 188
8.0, 2597044.692813854, 17263.0570, 196
8.0, 2389590.5524365096, 21288.0090, 174
8.0, 3065552.696642777, 25415.6340, 210
8.0, 2931506.280144008, 19601.0760, 190
8.0, 2585562.804071295, 21663.6880, 188
8.0, 2697823.4697277127, 15737.1320, 188
8.0, 2411663.523526982, 21177.6260, 188
8.0, 2574251.479388872, 18635.0140, 170
8.0, 3127822.4257031404, 28682.3250, 194
8.0, 3050184.2460657563, 21161.2000, 198
8.0, 2624364.1925226417, 22236.2510, 196
8.0, 2763214.1321873446, 22448.6020, 172
8.0, 3163016.8955751234, 16799.4760, 200
8.0, 2537917.4607272134, 25012.5960, 178
8.0, 3445130.4751341585, 37966.9270, 204
8.0, 2852305.2305075554, 25440.0940, 196
8.0, 2942468.42864277, 23514.1280, 194
8.0, 2910743.881412702, 25548.0340, 172
8.0, 2908503.59202544, 17763.8620, 182
8.0, 3118115.9225235735, 25131.1400, 196
8.0, 2523414.0368378693, 21387.9540, 178
8.0, 2355093.240361653, 24061.9430, 192
8.0, 3101336.854146595, 28067.7600, 208
8.0, 2956954.5949786827, 16017.1450, 204
8.0, 2851761.9196538497, 25899.7640, 192
8.0, 3102994.0584472483, 32027.6030, 188
8.0, 2535188.327983067, 21672.8470, 186
8.0, 2354498.2700124774, 17824.4530, 178
8.0, 2959059.347993971, 19580.5610, 190
8.0, 2157023.1361933504, 24910.7620, 210
8.0, 2700327.752171047, 19797.5410, 190
8.0, 2604776.223043126, 25503.7370, 188
8.0, 3083943.0623050174, 22234.5680, 194
8.0, 3218158.2176907063, 23220.4970, 200
8.0, 3307872.8472099737, 13894.6950, 214
8.0, 1788167.57751553, 23519.7430, 192
8.0, 2725618.2306777416, 26869.0510, 204
8.0, 2804592.0622326485, 28686.1180, 204
8.0, 2402457.625769067, 17764.6820, 210
8.0, 2605456.209997706, 19245.5600, 212
8.0, 3002502.7239544955, 23569.6390, 204
8.0, 2924034.387782292, 28269.7990, 214
8.0, 2639929.3725842084, 20130.6590, 194
9.0, 3110241.4894474004, 29162.3790, 208
9.0, 2084356.1119720547, 26584.3130, 160
9.0, 2900359.6457108688, 30055.6290, 202
9.0, 3086184.764178508, 16049.9110, 222
9.0, 2945502.3055020664, 20753.1880, 190
9.0, 2570837.9819723954, 31530.6710, 194
9.0, 3033054.9901504666, 29633.9700, 188
9.0, 2586958.8224432818, 17969.7280, 196
9.0, 2389590.5524365096, 21288.0090, 174
9.0, 3065552.696642777, 25415.6340, 210
9.0, 2919282.52130824, 19730.0400, 190
9.0, 2585938.3968280577, 21789.0620, 188
9.0, 2697823.4697277127, 15737.1320, 188
9.0, 2414170.8805899685, 20528.9060, 188
9.0, 2574251.479388872, 18635.0140, 170
9.0, 3124276.4100329303, 31130.6940, 202
9.0, 3050189.021014968, 21161.2000, 198
9.0, 2576173.7199751963, 23433.8550, 198
9.0, 2763214.1321873446, 22448.6020, 172
9.0, 3163016.8955751234, 16799.4760, 200
9.0, 2528683.8049284015, 29157.2880, 178
9.0, 3445130.4751341585, 37966.9270, 204
9.0, 2811943.7230956517, 27835.0870, 198
9.0, 2942497.2548358263, 23514.1280, 200
9.0, 2910546.059541945, 25827.1340, 172
9.0, 2850934.59154297, 16634.3920, 184
9.0, 3118088.424113206, 25131.1400, 192
9.0, 2522773.608311679, 21387.9540, 178
9.0, 2355093.240361653, 24061.9430, 192
9.0, 3101220.1175691895, 30047.0570, 208
9.0, 2956854.692600489, 16454.1520, 204
9.0, 2851761.9196538497, 25899.7640, 192
9.0, 3102994.0584472483, 32027.6030, 188
9.0, 2535203.1552617964, 21674.6770, 188
9.0, 2354498.2700124774, 17824.4530, 178
9.0, 2959140.471506899, 19592.0690, 194
9.0, 2095345.134641602, 22871.0450, 214
9.0, 2700138.135309471, 19797.5410, 190
9.0, 2604776.223043126, 25503.7370, 188
9.0, 3083943.0623050174, 22234.5680, 194
9.0, 3213589.7433739346, 23693.5660, 202
9.0, 3307872.8472099737, 13894.6950, 214
9.0, 1788204.4892220863, 23519.7430, 192
9.0, 2725618.2306777416, 26869.0510, 204
9.0, 2792826.5738555053, 28708.4650, 204
9.0, 2402457.625769067, 17764.6820, 210
9.0, 2605456.209997706, 19245.5600, 212
9.0, 3002356.6846024976, 23737.7510, 204
9.0, 2924033.900159212, 28269.7990, 214
9.0, 2639930.3511645645, 20130.6590, 194
10.0, 3110241.4894474004, 29162.3790, 208
10.0, 2084356.1119720547, 26584.3130, 160
10.0, 2900455.457238458, 30055.6290, 202
10.0, 3077048.3330404167, 17467.5060, 228
10.0, 2939731.537165831, 22093.3830, 190
10.0, 2593362.3773369323, 32603.0650, 194
10.0, 3033094.1800206536, 29633.9700, 194
10.0, 2583815.0805254835, 17764.6300, 196
10.0, 2389590.5524365096, 21288.0090, 174
10.0, 3065568.291970439, 25419.3760, 210
10.0, 2919282.52130824, 19730.0400, 190
10.0, 2585925.2355286526, 21789.0620, 188
10.0, 2678537.715519881, 15618.0620, 192
10.0, 2419202.172279125, 20318.2120, 188
10.0, 2574251.479388872, 18635.0140, 170
10.0, 3187204.961034775, 27004.9690, 192
10.0, 3037610.090589083, 23559.1820, 202
10.0, 2575871.825378851, 23433.8550, 198
10.0, 2758651.5800760095, 22901.6070, 172
10.0, 3163052.1622457677, 16799.4760, 200
10.0, 2528683.8049284015, 29157.2880, 178
10.0, 3445076.454740925, 37995.9030, 206
10.0, 2811943.7230956517, 27835.0870, 200
10.0, 2942491.0229750113, 23514.1280, 198
10.0, 2910804.316643154, 25548.0340, 172
10.0, 2902284.1582736666, 18269.9690, 184
10.0, 3118088.424113206, 25131.1400, 192
10.0, 2519822.934417888, 23177.3020, 178
10.0, 2355093.240361653, 24061.9430, 192
10.0, 3101391.1962942616, 28127.6380, 210
10.0, 2956854.692600489, 16454.1520, 206
10.0, 2841314.597960821, 21925.0320, 190
10.0, 3042074.0411851653, 29505.9510, 190
10.0, 2520201.329450747, 21799.2040, 190
10.0, 2354498.2700124774, 17824.4530, 178
10.0, 2952121.321920508, 19557.9780, 194
10.0, 2095345.134641602, 22871.0450, 214
10.0, 2705062.3622047133, 20496.1530, 190
10.0, 2604806.6175038824, 25622.9170, 188
10.0, 3020408.862709947, 22229.4700, 198
10.0, 3271591.7720055026, 23321.2890, 204
10.0, 3290194.880733294, 14038.0860, 214
10.0, 1788854.5241627505, 21971.6190, 192
10.0, 2736116.0041189883, 26869.2870, 206
10.0, 2837748.1121119694, 27020.9330, 200
10.0, 2494442.0241286517, 16133.7120, 204
10.0, 2605658.0064422986, 18657.4680, 214
10.0, 3067063.1137255896, 23964.3480, 206
10.0, 2894783.8105539945, 30870.5730, 214
10.0, 2701680.847533954, 21848.2520, 186
11.0, 3110175.4431162695, 29162.3790, 208
11.0, 2084356.1119720547, 26584.3130, 160
11.0, 2888562.6333200666, 31613.2460, 202
11.0, 3077048.3330404167, 17467.5060, 226
11.0, 2941385.9662219705, 21213.0200, 190
11.0, 2593348.4368251567, 32604.3930, 194
11.0, 3033083.7974287225, 29633.9700, 194
11.0, 2583815.0805254835, 17764.6300, 196
11.0, 2389592.174635158, 21288.0090, 174
11.0, 3065556.9471962517, 25631.2800, 220
11.0, 2863573.8073580256, 21273.5680, 188
11.0, 2584328.853175543, 21714.8380, 188
11.0, 2678675.73156561, 15188.1060, 196
11.0, 2419122.5909362566, 20318.2120, 190
11.0, 2574831.446777415, 18635.0140, 174
11.0, 3187204.961034775, 27004.9690, 192
11.0, 3037683.3843465187, 23499.0600, 200
11.0, 2624196.888191801, 22508.3510, 196
11.0, 2717677.8016258525, 22469.7570, 174
11.0, 3154258.655405902, 17745.0380, 198
11.0, 2518866.476578722, 27666.0280, 180
11.0, 3445130.2424538573, 37995.9030, 206
11.0, 2811951.2942153215, 27835.0870, 200
11.0, 2942491.0229750113, 23514.1280, 198
11.0, 2849286.891200733, 25620.3520, 174
11.0, 2902284.1582736666, 18269.9690, 184
11.0, 3118089.8475827533, 25131.1400, 192
11.0, 2519822.934417888, 23177.3020, 178
11.0, 2355093.240361653, 24061.9430, 192
11.0, 3101180.8074265616, 28662.8800, 210
11.0, 2956854.692600489, 16454.1520, 204
11.0, 2841314.597960821, 21925.0320, 190
11.0, 3042074.0411851653, 29505.9510, 190
11.0, 2514385.4026243263, 21784.3210, 190
11.0, 2354498.2700124774, 17824.4530, 178
11.0, 2888601.398400708, 18881.2820, 200
11.0, 2095351.107815405, 22871.0450, 214
11.0, 2704975.5274330587, 20496.1530, 186
11.0, 2604801.8649498587, 25622.9170, 188
11.0, 3020415.988411667, 22264.2800, 200
11.0, 3273896.3805677597, 23715.9540, 204
11.0, 3357759.304467586, 12986.6090, 220
11.0, 1787972.1236542296, 23526.2350, 194
11.0, 2736066.9345421405, 26869.2870, 206
11.0, 2837827.5494863396, 27020.9330, 200
11.0, 2494609.145193958, 15934.2440, 204
11.0, 2605637.4541971562, 18696.0640, 216
11.0, 3060159.479126406, 23624.0250, 204
11.0, 2894783.8105539945, 30870.5730, 214
11.0, 2722730.785284955, 19678.8790, 186
12.0, 3110121.411753656, 29249.2970, 208
12.0, 2084356.1119720547, 26584.3130, 160
12.0, 3051749.5821516505, 24981.5970, 194
12.0, 3014804.1288318327, 16509.6130, 220
12.0, 2941385.9662219705, 21213.0200, 190
12.0, 2597637.187059829, 30340.7350, 194
12.0, 3033368.5107207415, 29633.9700, 192
12.0, 2583789.022946454, 17764.6300, 198
12.0, 2383924.6347870477, 22020.5600, 174
12.0, 3066635.444003044, 25456.0780, 218
12.0, 2863636.030418748, 21273.5680, 192
12.0, 2584328.853175543, 21714.8380, 190
12.0, 2683565.2858901806, 14448.9960, 196
12.0, 2418927.3942976375, 20715.6040, 190
12.0, 2574626.7978784195, 18635.0140, 174
12.0, 3206762.1307345214, 27183.7410, 196
12.0, 3037683.3843465187, 23499.0600, 200
12.0, 2636893.351298853, 22727.6150, 200
12.0, 2717677.8016258525, 22469.7570, 174
12.0, 3154258.655405902, 17745.0380, 198
12.0, 2515765.35129879, 27343.3830, 178
12.0, 3445148.104274091, 37977.1030, 204
12.0, 2838895.420060062, 25981.3190, 196
12.0, 2942521.491738314, 23514.1280, 198
12.0, 2912229.624889053, 23354.1200, 172
12.0, 2902284.1582736666, 18269.9690, 184
12.0, 3118089.8475827533, 25131.1400, 192
12.0, 2463457.0463370034, 24785.8290, 180
12.0, 2355093.240361653, 24061.9430, 192
12.0, 3026272.779751575, 27062.1190, 208
12.0, 2956854.692600489, 16454.1520, 204
12.0, 2841314.597960821, 21925.0320, 190
12.0, 3042136.179507848, 29304.5530, 192
12.0, 2520535.563729192, 21932.9380, 194
12.0, 2352864.4704235187, 17429.8820, 178
12.0, 2952060.742746053, 19557.9780, 196
12.0, 2095351.107815405, 22871.0450, 214
12.0, 2704975.5274330587, 20496.1530, 186
12.0, 2604801.8649498587, 25622.9170, 188
12.0, 3020415.988411667, 22264.2800, 200
12.0, 3271929.643152592, 23420.5950, 206
12.0, 3357975.4856991894, 13004.7110, 224
12.0, 1787972.1236542296, 23526.2350, 194
12.0, 2717796.1957165087, 26613.6630, 206
12.0, 2853802.7291647154, 26841.3370, 198
12.0, 2395425.7051256564, 17048.9720, 206
12.0, 2591958.0947765075, 21097.8650, 218
12.0, 3062240.548601105, 22570.7520, 206
12.0, 2887083.3808445856, 31061.2810, 214
12.0, 2713557.1509067835, 19163.5840, 186
13.0, 3110096.690312353, 29252.3850, 208
13.0, 2084409.9108992626, 26584.3130, 160
13.0, 3062004.6691969256, 24984.8630, 194
13.0, 3014804.1288318327, 16509.6130, 220
13.0, 3017515.84720511, 20067.6580, 188
13.0, 2617491.746472356, 29705.6790, 192
13.0, 3031909.1794890584, 29279.0110, 192
13.0, 2598228.690289667, 16444.0670, 198
13.0, 2383924.6347870477, 22020.5600, 174
13.0, 3066635.444003044, 25456.0780, 216
13.0, 2864106.632379576, 21514.7900, 194
13.0, 2584219.066948755, 21714.8380, 190
13.0, 2683556.2169763013, 14473.1220, 198
13.0, 2418927.3942976375, 20715.6040, 192
13.0, 2574626.7978784195, 18635.0140, 174
13.0, 3206782.5099745532, 27183.7410, 200
13.0, 3037678.609397307, 23499.0600, 200
13.0, 2567128.9363438385, 22004.0730, 198
13.0, 2717667.508448536, 22469.7570, 174
13.0, 3154292.8170969984, 17667.8160, 194
13.0, 2515765.35129879, 27343.3830, 178
13.0, 3445287.3716079732, 37977.1030, 204
13.0, 2838809.6624041777, 26132.0510, 196
13.0, 2942568.21008002, 23514.1280, 202
13.0, 2912219.8490103614, 23354.1200, 172
13.0, 2907904.3911569533, 18284.5290, 184
13.0, 3118089.8475827533, 25131.1400, 192
13.0, 2457363.945289303, 24972.3410, 180
13.0, 2355093.240361653, 24061.9430, 192
13.0, 3026108.746665112, 27193.8970, 212
13.0, 2956952.6504340163, 16017.1450, 206
13.0, 2841314.597960821, 21925.0320, 190
13.0, 3041694.606677278, 29546.9570, 192
13.0, 2520587.3077078015, 21939.4700, 196
13.0, 2352872.949314529, 17429.8820, 178
13.0, 2952060.742746053, 19557.9780, 196
13.0, 2095351.107815405, 22871.0450, 214
13.0, 2665996.2356089493, 17342.4410, 190
13.0, 2604801.8649498587, 25622.9170, 188
13.0, 3020421.8542986107, 22264.2800, 200
13.0, 3271910.093912885, 23447.3530, 200
13.0, 3335586.0220136195, 13171.3040, 224
13.0, 1787972.1236542296, 23526.2350, 194
13.0, 2716892.7170487014, 25543.6520, 206
13.0, 2833737.184234261, 27338.7140, 202
13.0, 2388468.134112416, 18085.5650, 208
13.0, 2591931.5269194273, 21102.6370, 218
13.0, 3083664.793897696, 21357.0270, 202
13.0, 2887071.9735390646, 31061.2810, 214
13.0, 2713265.380701087, 19260.5820, 184
14.0, 3112649.8826070027, 30155.5800, 208
14.0, 2084409.9108992626, 26584.3130, 160
14.0, 3062004.6691969256, 24984.8630, 194
14.0, 3014804.1288318327, 16509.6130, 220
14.0, 3024766.9437409304, 19826.3820, 188
14.0, 2617491.746472356, 29705.6790, 192
14.0, 3031909.1794890584, 29279.0110, 192
14.0, 2598228.690289667, 16444.0670, 198
14.0, 2383924.6347870477, 22020.5600, 174
14.0, 3140841.774728156, 26557.3020, 204
14.0, 2864168.236043391, 21514.7900, 194
14.0, 2584219.066948755, 21714.8380, 190
14.0, 2683589.2421913347, 14448.9920, 200
14.0, 2396982.252924108, 19624.9560, 188
14.0, 2594215.1292988607, 18754.5180, 176
14.0, 3202488.412375771, 26907.9090, 200
14.0, 3037830.502961576, 25024.7850, 200
14.0, 2608255.0217744955, 21523.6520, 196
14.0, 2717435.5340633565, 22848.3250, 174
14.0, 3105698.7810539342, 18676.7410, 196
14.0, 2501130.843505407, 27787.4810, 178
14.0, 3445123.5025473484, 37977.1030, 204
14.0, 2838798.9942866717, 26132.0510, 196
14.0, 2878370.148714205, 22849.0190, 208
14.0, 2912217.4337033485, 23354.1200, 172
14.0, 2907904.3911569533, 18284.5290, 184
14.0, 3118105.171802386, 25131.1400, 192
14.0, 2457363.945289303, 24972.3410, 182
14.0, 2346054.7357065477, 25238.1630, 192
14.0, 3025757.6999880266, 27193.8970, 212
14.0, 2956952.6504340163, 16017.1450, 206
14.0, 2837626.8011597693, 22447.3270, 190
14.0, 3041832.438627266, 29546.9570, 196
14.0, 2520587.3077078015, 21939.4700, 196
14.0, 2349453.687434322, 17411.5550, 180
14.0, 2952060.742746053, 19557.9780, 196
14.0, 2095443.432773246, 22871.0450, 214
14.0, 2655278.177732533, 17743.1860, 190
14.0, 2604801.8649498587, 25622.9170, 188
14.0, 3020421.8542986107, 22264.2800, 200
14.0, 3274165.0369708086, 23842.0180, 200
14.0, 3354633.0405833106, 13129.2070, 226
14.0, 1787972.1236542296, 23526.2350, 194
14.0, 2740208.7713308376, 25761.8440, 212
14.0, 2833737.184234261, 27338.7140, 202
14.0, 2388468.134112416, 18085.5650, 208
14.0, 2662554.854325025, 18824.6140, 214
14.0, 3149260.559287531, 21026.7250, 198
14.0, 2893647.5903348206, 30312.4970, 214
14.0, 2713265.380701087, 19260.5820, 184
15.0, 3112724.39016335, 30182.0060, 208
15.0, 2084409.9108992626, 26584.3130, 160
15.0, 3062004.6691969256, 24984.8630, 196
15.0, 3007621.93616014, 19104.2410, 216
15.0, 3024766.9437409304, 19826.3820, 188
15.0, 2597649.7210768843, 30340.7350, 194
15.0, 3031909.1794890584, 29279.0110, 192
15.0, 2602428.690289667, 16444.0670, 200
15.0, 2383924.6347870477, 22020.5600, 174
15.0, 3141000.602078031, 26261.0520, 206
15.0, 2864168.236043391, 21514.7900, 194
15.0, 2569984.122900014, 23579.2310, 190
15.0, 2688466.5577525813, 15158.5380, 200
15.0, 2397171.5874330313, 21843.0130, 190
15.0, 2594215.1292988607, 18754.5180, 176
15.0, 3146654.708005156, 27383.8250, 210
15.0, 3037852.0446660947, 24995.6090, 200
15.0, 2608255.0217744955, 21523.6520, 196
15.0, 2717435.5340633565, 22848.3250, 174
15.0, 3105698.7810539342, 18676.7410, 196
15.0, 2485606.9006549213, 29922.1760, 178
15.0, 3426092.5098641594, 39942.7140, 206
15.0, 2838809.6624041777, 26132.0510, 196
15.0, 2942579.609002613, 23514.1280, 202
15.0, 2912217.4337033485, 23354.1200, 172
15.0, 2907904.3911569533, 18284.5290, 184
15.0, 3118105.171802386, 25131.1400, 192
15.0, 2457363.945289303, 24972.3410, 182
15.0, 2346054.7357065477, 25238.1630, 192
15.0, 3025994.3735545506, 29113.3160, 210
15.0, 3001740.9076539963, 15842.0580, 210
15.0, 2837626.8011597693, 22447.3270, 192
15.0, 3041832.438627266, 29546.9570, 200
15.0, 2469280.3020598767, 20598.9140, 192
15.0, 2349453.687434322, 17411.5550, 178
15.0, 2952069.378379962, 20022.0320, 200
15.0, 2095443.432773246, 22871.0450, 214
15.0, 2655272.0515706297, 17799.8240, 190
15.0, 2616160.0993428524, 25197.5500, 188
15.0, 3020421.8542986107, 22264.2800, 200
15.0, 3274268.207601282, 23842.0180, 200
15.0, 3215425.8115372253, 13222.2290, 226
15.0, 1787972.1236542296, 23526.2350, 194
15.0, 2740208.7713308376, 25761.8440, 214
15.0, 2806824.7661052584, 28448.1180, 208
15.0, 2388268.1327115335, 18155.5810, 208
15.0, 2662431.523474767, 19066.1920, 214
15.0, 3149260.559287531, 21026.7250, 198
15.0, 2895910.896235178, 29503.7330, 214
15.0, 2720130.663710993, 20456.1130, 184
16.0, 3112724.39016335, 30182.0060, 208
16.0, 2084409.9108992626, 26584.3130, 162
16.0, 3062004.6691969256, 24984.8630, 196
16.0, 3007607.3690215726, 19104.2410, 218
16.0, 3024730.269580951, 19826.3820, 188
16.0, 2593561.229037907, 31899.8830, 192
16.0, 3031909.1794890584, 29279.0110, 192
16.0, 2541317.6362717124, 18119.2490, 202
16.0, 2383924.6347870477, 22020.5600, 174
16.0, 3141000.602078031, 26261.0520, 206
16.0, 2864169.782811599, 21514.7900, 194
16.0, 2421974.289971209, 24697.1510, 194
16.0, 2688479.4083008296, 15108.3960, 200
16.0, 2390593.994241888, 22745.3350, 192
16.0, 2634132.9639972714, 19573.3740, 172
16.0, 3146654.708005156, 27383.8250, 210
16.0, 3037852.0446660947, 24995.6090, 202
16.0, 2604337.411877163, 21853.1540, 196
16.0, 2652283.4036309673, 25722.0320, 176
16.0, 3105698.7810539342, 18676.7410, 196
16.0, 2485606.9006549213, 29922.1760, 178
16.0, 3426139.649774753, 39942.7140, 210
16.0, 2838809.6624041777, 26132.0510, 196
16.0, 2942579.609002613, 23514.1280, 202
16.0, 2912202.586365365, 23354.1200, 172
16.0, 2907904.3911569533, 18284.5290, 184
16.0, 3056661.2653769427, 25851.1380, 194
16.0, 2457169.8467576834, 24972.3410, 182
16.0, 2346051.57835753, 25238.1630, 192
16.0, 2956014.1187195703, 29136.3220, 210
16.0, 3001625.505070494, 16024.5060, 210
16.0, 2849825.7590999785, 25554.0430, 194
16.0, 3041832.438627266, 29546.9570, 200
16.0, 2469280.3020598767, 20598.9140, 192
16.0, 2338291.973139521, 19692.2160, 178
16.0, 2896011.2038880275, 21544.2070, 204
16.0, 2095443.432773246, 22871.0450, 214
16.0, 2655246.0956368204, 17799.8240, 190
16.0, 2608862.9508587723, 25304.4410, 190
16.0, 3014056.5970341163, 21668.9070, 200
16.0, 3286409.113371166, 24396.7100, 202
16.0, 3215381.5121480986, 13294.0790, 232
16.0, 1787972.1236542296, 23526.2350, 194
16.0, 2730674.350095513, 26831.6190, 212
16.0, 2755139.6427618745, 29715.7770, 214
16.0, 2487699.330715747, 16970.8370, 208
16.0, 2662514.535359131, 18988.1700, 210
16.0, 3149260.559287531, 21026.7250, 198
16.0, 2879738.24427374, 28295.6030, 220
16.0, 2719482.844030927, 22657.1790, 184
17.0, 3112724.39016335, 30182.0060, 208
17.0, 2080104.7712940706, 28030.5800, 162
17.0, 3062004.6691969256, 24984.8630, 196
17.0, 3007607.3690215726, 19104.2410, 220
17.0, 3024730.269580951, 19826.3820, 188
17.0, 2593561.229037907, 31899.8830, 192
17.0, 3032054.987092867, 29279.0110, 192
17.0, 2584062.547529092, 17986.5930, 200
17.0, 2383924.6347870477, 22020.5600, 174
17.0, 3141001.9874575725, 26261.0520, 206
17.0, 2864170.772041176, 21520.8000, 196
17.0, 2584001.7955416837, 21714.8380, 190
17.0, 2688351.7212371817, 14762.6600, 202
17.0, 2390593.994241888, 22745.3350, 194
17.0, 2633972.950874858, 21587.1990, 172
17.0, 3146654.708005156, 27383.8250, 210
17.0, 3035615.6142779253, 24411.0370, 200
17.0, 2599671.3411235944, 22200.9110, 196
17.0, 2652283.4036309673, 25722.0320, 176
17.0, 3105698.7810539342, 18676.7410, 196
17.0, 2437827.378114761, 29993.8640, 180
17.0, 3420889.8777036825, 40871.5340, 212
17.0, 2838761.2244548574, 26132.0510, 198
17.0, 2942579.609002613, 23514.1280, 202
17.0, 2971034.7514127246, 25237.6740, 170
17.0, 2907904.3911569533, 18284.5290, 184
17.0, 3056661.2653769427, 25851.1380, 196
17.0, 2452955.3911104114, 22149.6560, 180
17.0, 2346051.57835753, 25238.1630, 194
17.0, 2955708.0771419667, 29136.3220, 210
17.0, 3001523.601716708, 16461.5130, 210
17.0, 2846692.0724405106, 25706.8930, 194
17.0, 3104782.169186407, 26516.3350, 196
17.0, 2471769.106394397, 20754.0620, 192
17.0, 2338291.973139521, 19692.2160, 178
17.0, 2887116.0825505755, 20445.3120, 198
17.0, 2095443.432773246, 22871.0450, 214
17.0, 2655246.0956368204, 17799.8240, 190
17.0, 2555957.7583191306, 25957.8060, 192
17.0, 3014056.5970341163, 21668.9070, 200
17.0, 3219492.220443802, 21873.8810, 204
17.0, 3181822.957662221, 13660.2650, 230
17.0, 1787945.9025507816, 23579.7150, 196
17.0, 2730674.350095513, 26831.6190, 212
17.0, 2755139.6427618745, 29715.7770, 214
17.0, 2455967.676986041, 19477.4640, 206
17.0, 2662514.535359131, 18988.1700, 210
17.0, 3149260.559287531, 21026.7250, 198
17.0, 3004935.2771402784, 26020.0620, 210
17.0, 2719482.844030927, 22657.1790, 186
18.0, 3112724.39016335, 30182.0060, 208
18.0, 2079573.67792207, 26676.1480, 164
18.0, 3062004.6691969256, 24984.8630, 196
18.0, 3007822.5258426243, 19086.4030, 220
18.0, 2939628.6632477986, 19844.2220, 190
18.0, 2593547.6487574186, 31899.8830, 192
18.0, 3032054.987092867, 29279.0110, 192
18.0, 2583938.094921633, 19032.2290, 206
18.0, 2383923.1896517235, 22020.5600, 178
18.0, 3141043.834784142, 26261.0520, 206
18.0, 2864170.772041176, 21520.8000, 196
18.0, 2583999.6727047805, 21714.8380, 188
18.0, 2688351.7212371817, 14762.6600, 202
18.0, 2423718.0926898913, 20139.9970, 192
18.0, 2633972.950874858, 21587.1990, 172
18.0, 3146767.291788973, 27383.8250, 210
18.0, 3035548.219418507, 24411.0370, 200
18.0, 2601888.4034039886, 22619.4040, 196
18.0, 2656770.268010399, 25269.0270, 176
18.0, 3174277.127653758, 17488.9350, 186
18.0, 2447417.0377219142, 30654.6690, 182
18.0, 3420889.8777036825, 40871.5340, 212
18.0, 2837767.016872718, 25360.8990, 204
18.0, 2942579.609002613, 23514.1280, 202
18.0, 2902874.610217501, 23274.6390, 172
18.0, 2897871.3454317627, 18564.1050, 184
18.0, 3056661.2653769427, 25851.1380, 196
18.0, 2449586.71404663, 22073.6350, 180
18.0, 2346054.7357065477, 25238.1630, 194
18.0, 2952532.0170217464, 28217.3740, 210
18.0, 3001252.295010177, 17564.4770, 212
18.0, 2846668.8487385595, 25706.8930, 194
18.0, 3103681.652584925, 26529.4670, 196
18.0, 2468931.338070173, 20985.0420, 192
18.0, 2382434.944584272, 20046.6870, 182
18.0, 2899111.713535817, 22013.2860, 198
18.0, 2095367.4371727032, 22871.0450, 214
18.0, 2654919.835968296, 17954.4920, 192
18.0, 2555957.7583191306, 25957.8060, 192
18.0, 3060899.176141945, 20284.5380, 198
18.0, 3219492.220443802, 21873.8810, 206
18.0, 3181822.957662221, 13660.2650, 230
18.0, 1762015.7291131783, 22024.8770, 198
18.0, 2730674.350095513, 26831.6190, 212
18.0, 2755139.6427618745, 29715.7770, 214
18.0, 2455967.676986041, 19477.4640, 206
18.0, 2662514.535359131, 18988.1700, 210
18.0, 3149264.517709644, 21026.7250, 198
18.0, 3004935.2771402784, 26020.0620, 210
18.0, 2703447.366725967, 23903.1200, 198
19.0, 3112724.39016335, 30182.0060, 208
19.0, 2066757.6576150034, 26836.6030, 164
19.0, 3061998.64749557, 24984.8630, 196
19.0, 3007822.5258426243, 19086.4030, 220
19.0, 2939628.6632477986, 19844.2220, 190
19.0, 2593547.6487574186, 31899.8830, 192
19.0, 3032054.987092867, 29279.0110, 192
19.0, 2583938.094921633, 19032.2290, 206
19.0, 2392437.3258873345, 19777.9790, 178
19.0, 3138135.4332125303, 25650.9730, 206
19.0, 2864170.772041176, 21520.8000, 196
19.0, 2421762.947782224, 24697.1510, 192
19.0, 2685980.3346682223, 15038.6330, 200
19.0, 2402159.6877696756, 20751.9730, 192
19.0, 2633972.950874858, 21587.1990, 172
19.0, 3146771.9764979323, 27383.8250, 210
19.0, 3035568.9893656047, 24383.6890, 204
19.0, 2601888.4034039886, 22619.4040, 196
19.0, 2656770.268010399, 25269.0270, 176
19.0, 3174277.127653758, 17488.9350, 186
19.0, 2496312.5008601546, 29366.1870, 180
19.0, 3393309.9267943995, 40305.8620, 210
19.0, 2850744.016872718, 25360.8990, 206
19.0, 2940301.263610574, 22262.5000, 202
19.0, 2824778.3098570746, 25946.8440, 176
19.0, 2891887.003683801, 18441.1310, 186
19.0, 3056661.2653769427, 25851.1380, 196
19.0, 2449586.71404663, 22073.6350, 180
19.0, 2355243.9741837056, 23837.7630, 194
19.0, 2962783.290669152, 28397.7460, 210
19.0, 3001355.329550057, 17127.4700, 212
19.0, 2846510.0398927145, 25899.9430, 194
19.0, 3103681.652584925, 26529.4670, 198
19.0, 2468842.3597281403, 21086.0100, 192
19.0, 2382453.3127861484, 20038.5810, 182
19.0, 2887116.0825505755, 20445.3120, 198
19.0, 2095367.4371727032, 22871.0450, 214
19.0, 2655246.0956368204, 17799.8240, 190
19.0, 2555957.7583191306, 25957.8060, 192
19.0, 2996586.470034593, 22084.5400, 202
19.0, 3219497.1583720804, 21873.8810, 206
19.0, 3342391.215378414, 13100.4090, 224
19.0, 1756143.3200472184, 22152.0260, 198
19.0, 2730477.10427425, 26831.6190, 214
19.0, 2781836.3599225855, 25022.2540, 200
19.0, 2455975.570286002, 19477.4640, 210
19.0, 2662607.3635445125, 18988.1700, 210
19.0, 3149267.8187475554, 21026.7250, 198
19.0, 3004902.715341294, 26073.6380, 212
19.0, 2703012.9143426856, 23893.6460, 190
20.0, 3112724.39016335, 30182.0060, 208
20.0, 2068992.7456353994, 27577.3240, 166
20.0, 3064646.5375347203, 24700.8590, 196
20.0, 3014537.700448518, 17428.3550, 224
20.0, 2939629.540155681, 19844.2220, 190
20.0, 2593547.6487574186, 31899.8830, 192
20.0, 3031944.8576207883, 29279.0110, 192
20.0, 2583689.1946406118, 18462.6090, 204
20.0, 2392440.5190820913, 19777.9790, 178
20.0, 3138135.4332125303, 25650.9730, 206
20.0, 2864170.772041176, 21520.8000, 196
20.0, 2583721.5866507846, 21714.8380, 188
20.0, 2685980.3346682223, 15038.6330, 202
20.0, 2402159.6877696756, 20751.9730, 192
20.0, 2633940.6696116277, 21587.1990, 172
20.0, 3146771.9764979323, 27383.8250, 210
20.0, 3035530.3010099786, 24439.1430, 204
20.0, 2601888.4034039886, 22619.4040, 196
20.0, 2656770.268010399, 25269.0270, 176
20.0, 3174277.127653758, 17488.9350, 186
20.0, 2496312.5008601546, 29366.1870, 180
20.0, 3372168.034050478, 38933.0220, 210
20.0, 2850744.016872718, 25360.8990, 206
20.0, 2940301.263610574, 22262.5000, 204
20.0, 2824778.3098570746, 25946.8440, 176
20.0, 2891887.003683801, 18441.1310, 186
20.0, 3065415.360641729, 22417.6230, 196
20.0, 2452165.9167375434, 21453.3780, 180
20.0, 2355243.9741837056, 23837.7630, 194
20.0, 3027248.2969472925, 27435.4030, 216
20.0, 2939981.0666236808, 17391.0800, 214
20.0, 2846431.8970818585, 25774.5510, 194
20.0, 3103724.9882853203, 26529.4670, 198
20.0, 2468918.3912827065, 21026.0080, 192
20.0, 2254527.8257919513, 18060.8710, 196
20.0, 2887116.0825505755, 20445.3120, 198
20.0, 2051505.1373099773, 24654.0740, 214
20.0, 2655246.0956368204, 17799.8240, 190
20.0, 2555957.7583191306, 25957.8060, 192
20.0, 2998424.292658632, 21709.9080, 202
20.0, 3192858.4010474556, 23439.0710, 204
20.0, 3339943.9421684383, 13938.5510, 226
20.0, 1756143.3200472184, 22152.0260, 200
20.0, 2717491.1217865874, 26613.4270, 214
20.0, 2781836.3599225855, 25022.2540, 202
20.0, 2456243.2132834434, 18594.2880, 206
20.0, 2637960.417283761, 18988.5910, 212
20.0, 3149267.8187475554, 21026.7250, 198
20.0, 3004906.111630176, 26070.7960, 210
20.0, 2703012.9143426856, 23893.6460, 190
