0.0, 3215321.721136687, 17.3787, 192
0.0, 3215166.070313729, 19.8873, 168
0.0, 2470547.696433672, 18099.4650, 186
0.0, 2643160.4352849047, 27.2553, 180
0.0, 2671744.629170786, 16856.6240, 174
0.0, 2941326.99778805, 14865.9010, 160
0.0, 2463460.7978136856, 21085.9340, 194
0.0, 3085436.374829676, 26884.6470, 188
0.0, 2482690.6806066055, 31572.0610, 166
0.0, 2847164.2666896866, 20239.1990, 180
0.0, 2690080.588891198, 14965.2660, 186
0.0, 2830307.384156381, 17843.3790, 180
0.0, 2362409.5906437016, 20247.5720, 186
0.0, 3141979.4360538204, 21984.6570, 186
0.0, 3244716.8360715196, 13934.2040, 190
0.0, 3473513.5983007597, 25544.6170, 196
0.0, 2919799.415056751, 21273.9950, 192
0.0, 2904323.117496385, 20061.9490, 178
0.0, 2750855.58411439, 19566.8210, 176
0.0, 3298158.783794034, 23767.8780, 184
0.0, 3364224.1761104013, 23811.6510, 194
0.0, 2881245.803549274, 28013.6130, 184
0.0, 3054609.3018663987, 18233.1860, 192
0.0, 2910520.450588074, 17189.8110, 192
0.0, 2755275.1150563043, 26355.2980, 192
0.0, 3126891.0946123907, 24705.4670, 208
0.0, 2680983.8011937, 32298.3660, 178
0.0, 2874283.2063110047, 22903.0280, 200
0.0, 2960978.748621966, 25385.6470, 180
0.0, 3133629.0271066152, 23551.7440, 190
0.0, 2982126.9948508097, 14219.4110, 184
0.0, 2942530.232886537, 15984.0600, 202
0.0, 2408294.5565147004, 20209.7390, 162
0.0, 2366325.465472084, 17214.2600, 178
0.0, 3135800.5449954043, 29869.5400, 196
0.0, 3045594.0917216833, 16967.6930, 186
0.0, 3120226.665831844, 25914.7720, 174
0.0, 2839019.1976126586, 17234.8980, 176
0.0, 2927706.0745174615, 17032.1350, 192
0.0, 2947749.6015052125, 16717.8110, 176
0.0, 2604732.305928788, 19719.6390, 184
0.0, 3290099.209023284, 33025.5200, 170
0.0, 3099820.5220799884, 23486.9300, 178
0.0, 3416644.506701018, 24270.4810, 198
0.0, 3182405.79643965, 22544.1260, 190
0.0, 2930392.841578396, 19036.4710, 186
0.0, 2532382.5191252264, 22883.3340, 180
0.0, 2936062.072685454, 19195.0570, 192
0.0, 3471388.8543983023, 27651.5090, 192
0.0, 3490761.412778855, 18638.8010, 184
0.0, 3141997.8749398994, 27208.6820, 200
0.0, 3351953.510837575, 33751.2140, 190
0.0, 2831222.8447775287, 18708.0790, 180
0.0, 2895901.9561436125, 21907.9800, 188
0.0, 2877786.8260285, 30138.1720, 182
0.0, 2965180.323522299, 24757.7870, 206
0.0, 2741647.4742927263, 17866.4000, 178
0.0, 2592401.1644714815, 18818.4980, 190
0.0, 3468322.752833963, 37321.4460, 190
0.0, 3015135.7900317907, 24250.8520, 184
0.0, 2890137.2538503245, 25570.7800, 176
0.0, 2678508.210049549, 22865.4290, 162
0.0, 2714737.036992364, 13246.7720, 192
0.0, 2847514.4448652794, 19813.3260, 200
0.0, 2677969.8314561257, 21174.0780, 208
0.0, 2603699.2941677663, 18430.7740, 180
0.0, 2344438.0403420115, 19715.4790, 180
0.0, 2994118.087462515, 20305.2750, 194
0.0, 2660393.5802155253, 18274.8310, 184
0.0, 2332125.84459773, 10832.2300, 176
0.0, 2744399.4742121515, 25348.7070, 178
0.0, 2843927.1491572163, 26725.1180, 198
0.0, 2616279.2751368084, 19243.8790, 186
0.0, 2990861.9881267324, 19338.0760, 196
0.0, 3278642.4044367885, 18814.2740, 194
0.0, 2774495.9076322676, 20749.3530, 196
0.0, 3050669.144411173, 18788.3290, 194
0.0, 3722076.598530929, 25533.2240, 202
0.0, 3314500.517267019, 15097.3620, 200
0.0, 3220933.3822108684, 21000.4030, 196
0.0, 2787083.90608142, 27023.7830, 178
0.0, 2428961.425893594, 30875.6480, 198
0.0, 2798820.193501504, 27480.1490, 180
0.0, 2458105.5985334353, 18890.6800, 188
0.0, 2618892.9428084246, 16094.8890, 178
0.0, 3406380.672695349, 15854.2110, 184
0.0, 3188359.152197426, 25068.2780, 194
0.0, 3043016.0463112956, 35917.2610, 186
0.0, 3425338.02973622, 37100.8070, 204
0.0, 3104104.3142159465, 20374.1710, 192
0.0, 3298814.7116141664, 26032.7630, 192
0.0, 3328807.069887674, 14169.7490, 190
0.0, 2899875.0669833836, 37764.4660, 184
0.0, 2700697.5752492426, 32140.2820, 190
0.0, 3537533.0602877378, 33362.8510, 196
0.0, 3244848.570577935, 27330.9660, 194
0.0, 2735410.879902241, 17350.5040, 182
0.0, 3440627.8106905785, 13854.9570, 202
0.0, 3155719.2813884835, 12569.2840, 196
0.0, 3569960.3016585307, 23188.6640, 212
0.0, 2733936.8125766767, 26042.8370, 184
0.0, 2742658.7184173157, 21150.0500, 190
0.0, 2476920.1686566668, 20702.5060, 176
0.0, 3061486.639183018, 40259.0870, 176
0.0, 3212972.371722477, 30878.4260, 184
0.0, 3159805.217099941, 31733.7640, 184
0.0, 3064253.8668857953, 33281.0640, 190
0.0, 2880910.9090286694, 28160.3730, 194
0.0, 2557220.83607781, 26346.1270, 178
0.0, 2524752.6915565967, 19686.8510, 162
0.0, 2334767.0254172687, 27321.6520, 182
0.0, 3164165.207607464, 19049.6600, 196
0.0, 2980424.8632805035, 23365.5760, 190
0.0, 2756589.5491939248, 16968.8250, 186
0.0, 2856062.195250923, 20091.0100, 180
0.0, 3088090.734177027, 23166.4900, 210
0.0, 3125615.573110846, 20546.8720, 200
0.0, 2848159.591772657, 19523.6570, 184
0.0, 3175512.589055765, 31025.3510, 190
0.0, 2592594.079173942, 22438.2610, 186
0.0, 2720577.9139456614, 28542.8830, 188
0.0, 3050143.416308025, 26822.3300, 198
0.0, 2427231.4695537575, 19141.5330, 174
0.0, 2873189.9016314605, 20134.5420, 182
0.0, 2971059.2951349863, 30640.1300, 188
0.0, 3133601.3222201783, 29226.8640, 178
0.0, 2820523.4587815683, 29008.8880, 172
0.0, 3449385.7747333, 18956.3460, 188
0.0, 2662761.8960057, 14360.8560, 182
0.0, 3191779.4654896404, 25122.7970, 198
0.0, 2591804.865072899, 22391.6120, 184
0.0, 2820497.7890687548, 23492.6360, 192
0.0, 2958504.6682269243, 17236.0500, 188
0.0, 2554174.692603679, 21145.6310, 180
0.0, 2574289.971132456, 23256.1360, 186
0.0, 2378842.665808397, 15407.0930, 184
0.0, 2993798.544292848, 25593.5820, 194
0.0, 3011502.8310394394, 16570.2960, 174
0.0, 2537347.0089407857, 26219.1490, 168
0.0, 3257389.528984963, 15955.4920, 180
0.0, 2942689.5519999736, 18907.6190, 178
0.0, 2731961.6380699365, 21444.5850, 194
0.0, 3362050.744289956, 29794.5080, 192
0.0, 2937170.766621352, 14989.1570, 196
0.0, 2919317.5248420127, 16929.7840, 186
0.0, 2926537.35393396, 20862.2780, 184
0.0, 2602471.7191146086, 21697.9300, 180
0.0, 2145298.3198231175, 21320.0700, 178
0.0, 3375273.3668345003, 22920.2920, 204
0.0, 3171276.098164063, 15180.5550, 208
0.0, 2855276.2078419453, 17724.1130, 196
0.0, 2550775.3489352143, 24233.0640, 176
0.0, 3262914.971971435, 18153.8830, 186
0.0, 2894233.6507180044, 27468.1840, 178
0.0, 3151325.299770454, 14208.5860, 200
0.0, 3599074.423592587, 43432.4880, 202
0.0, 2660425.8577124127, 11335.8550, 160
0.0, 3166919.5740374303, 30832.8800, 196
0.0, 3770177.808174622, 29611.9680, 202
0.0, 2527480.372820591, 14194.4130, 172
0.0, 2752847.6787940743, 25453.8420, 182
0.0, 2568729.8482645126, 17311.2870, 180
0.0, 2877898.4995604125, 21124.2510, 190
0.0, 2761577.191201509, 17496.9230, 188
0.0, 3331469.974484226, 18850.5810, 194
0.0, 2785928.6923886635, 17383.5670, 190
0.0, 3010838.4775878387, 21646.9370, 198
0.0, 2788354.0780340726, 20565.7270, 176
0.0, 3413585.9843611545, 16666.9890, 196
0.0, 3499421.7382451813, 27326.6360, 204
0.0, 2464785.0531701846, 28594.3950, 202
0.0, 3206807.220429529, 31813.3480, 196
0.0, 2977923.03734238, 12730.5490, 198
0.0, 2829355.5907202014, 21450.5160, 196
0.0, 2972702.8352559204, 18805.9320, 198
0.0, 2847970.7321742065, 14041.3910, 192
0.0, 2893916.4517485444, 17685.2140, 186
0.0, 3244396.0999163585, 19423.4550, 200
0.0, 2823565.652044617, 20231.0170, 186
0.0, 2988611.157032109, 26477.8370, 192
0.0, 2766904.0023692846, 20442.0900, 180
0.0, 2845804.0420249025, 29775.9030, 186
0.0, 3553531.6038082466, 16316.7660, 190
0.0, 2354940.9472105936, 21027.4740, 174
0.0, 2430443.4361525564, 20368.9570, 176
0.0, 2404096.491750021, 18583.0770, 174
0.0, 2982832.835707602, 14758.3090, 184
0.0, 2982520.110071025, 34212.7290, 196
0.0, 2897736.54571787, 21275.3110, 196
0.0, 2984191.996167919, 18511.0880, 182
0.0, 3526854.2396087977, 29410.4870, 186
0.0, 2901062.007257308, 24897.9650, 194
0.0, 2723973.8052865495, 19998.3690, 180
0.0, 2933078.8715720936, 27089.3280, 194
0.0, 2805470.097679559, 17432.9710, 164
0.0, 3013206.0391998915, 12047.5470, 192
0.0, 3087762.9381751646, 20061.4140, 188
0.0, 2877410.917890314, 23449.1520, 194
0.0, 2421710.9477579817, 34686.5680, 154
0.0, 3094374.719771639, 20093.0520, 198
100.0, 3539559.7572584804, 23889.6430, 200
100.0, 3111748.9968006015, 19938.0250, 242
100.0, 2822416.8689528033, 26519.9990, 210
100.0, 2541423.8547701696, 22665.7060, 206
100.0, 2879389.5148397842, 29878.1410, 246
100.0, 2905663.9912250997, 36189.3600, 194
100.0, 3308235.9867937276, 18687.0060, 220
100.0, 3269592.122932695, 22270.4360, 230
100.0, 3397649.6864226833, 23056.6910, 186
100.0, 3089110.5768712475, 36137.9130, 248
100.0, 2888414.606682926, 36673.0370, 212
100.0, 2919380.7356245224, 29273.5330, 204
100.0, 2879811.3358438606, 23423.0850, 200
100.0, 3223495.3340088795, 27677.8540, 244
100.0, 2288545.434862003, 30694.4620, 204
100.0, 2944778.8833707254, 20904.2060, 226
100.0, 2735823.894667864, 21086.7140, 198
100.0, 2494701.5412116116, 29451.3730, 212
100.0, 2735417.4689225294, 39403.5720, 198
100.0, 3098642.3002768885, 19382.9680, 226
100.0, 2577854.697503764, 29401.8540, 216
100.0, 3243335.7856388893, 27162.6280, 222
100.0, 2993989.2881559376, 29669.0720, 212
100.0, 3222383.6462672367, 20897.0040, 230
100.0, 2703158.0667364663, 30443.7890, 218
100.0, 2465431.530762246, 23113.4930, 204
100.0, 2614325.418072606, 22040.4430, 226
100.0, 2537910.9872244685, 30143.7120, 200
100.0, 2793346.2291206457, 35704.9940, 228
100.0, 3373023.786439278, 28730.7090, 224
100.0, 3154985.4439265784, 18519.5790, 234
100.0, 2676975.3396912916, 26108.6140, 224
100.0, 3229696.621924728, 18709.3900, 222
100.0, 3302937.3434798946, 25201.7380, 214
100.0, 2427507.929506491, 31621.3510, 202
100.0, 2560144.309943482, 25480.2810, 196
100.0, 2467077.209164431, 22868.9970, 208
100.0, 2424620.038641269, 30258.2480, 210
100.0, 3724057.893458156, 17818.8780, 284
100.0, 2622206.750808062, 21737.6530, 234
100.0, 2914603.6108749844, 22930.2090, 242
100.0, 2682318.372489505, 22154.3720, 226
100.0, 3229587.4606234333, 18896.8420, 246
100.0, 3022685.2071232023, 32544.1890, 188
100.0, 2839845.864649625, 24643.7750, 242
100.0, 3241861.478635582, 30085.6300, 238
100.0, 2843374.7095972826, 20659.9030, 220
100.0, 2917568.365466606, 19941.6730, 246
100.0, 2525823.230899708, 24708.0560, 214
100.0, 2945491.5270214495, 45706.8100, 230
100.0, 2578177.2738151764, 28824.2810, 192
100.0, 3131858.808277015, 30793.9590, 220
100.0, 2451208.032808911, 24808.2270, 222
100.0, 2553893.2732238797, 24515.4060, 230
100.0, 2858721.8448035405, 24712.9790, 208
100.0, 2635394.134287811, 18624.9250, 242
100.0, 2628761.087800614, 29424.6310, 202
100.0, 3252498.3576878128, 28427.5860, 232
100.0, 2957799.320053727, 23277.6360, 210
100.0, 2682253.0821302324, 22755.7340, 220
100.0, 2609968.502786853, 22904.5550, 212
100.0, 2485809.20107079, 26618.7080, 194
100.0, 3605835.8661135035, 15860.9440, 196
100.0, 2844418.5877771676, 25226.5200, 200
100.0, 3295798.384970832, 21236.2370, 244
100.0, 2570629.081431454, 29500.6510, 236
100.0, 3638072.939977842, 24354.9460, 236
100.0, 2851676.2493675565, 23284.5080, 234
100.0, 2569941.348302017, 21487.4170, 224
100.0, 2695234.3134589563, 25671.7440, 190
100.0, 2659395.549263778, 23244.5970, 220
100.0, 2832922.381515943, 16671.5330, 216
100.0, 2846634.2264771927, 26307.8910, 222
100.0, 2781549.238998929, 23455.7880, 208
100.0, 3031758.7593649467, 14326.0430, 196
100.0, 2722867.9905485427, 24394.6270, 182
100.0, 2812634.754801221, 19087.1440, 208
100.0, 3317557.9420767417, 25669.8210, 218
100.0, 3184437.739941456, 28122.3710, 220
100.0, 2741352.3604517234, 20021.7150, 204
100.0, 2951381.7305402556, 23155.8150, 210
100.0, 2604259.7977156974, 21449.6190, 230
100.0, 2930819.6201676526, 27302.2370, 218
100.0, 3169686.987405307, 23964.8450, 216
100.0, 2828927.9902147492, 25828.9480, 202
100.0, 2996372.1851890394, 31663.2150, 222
100.0, 3310850.8429307058, 20178.0300, 230
100.0, 3581528.4546075636, 18875.5240, 240
100.0, 3363179.212033568, 25183.6640, 210
100.0, 2742102.387069367, 19615.3790, 216
100.0, 2980595.6101340186, 31555.5110, 238
100.0, 2875007.129130857, 23583.4240, 250
100.0, 3072003.9897113023, 29349.8320, 250
100.0, 2829943.9626784213, 25451.6970, 228
100.0, 3305569.006705272, 24251.6930, 252
100.0, 2999156.19001709, 24872.5460, 214
100.0, 2282000.1092172666, 23581.7460, 206
100.0, 2612211.632814072, 22717.9480, 208
100.0, 2557666.493534438, 36277.4980, 220
100.0, 3393163.891788039, 21978.0590, 216
100.0, 2908637.138557631, 30280.0000, 190
100.0, 2813361.283403727, 20159.0240, 230
100.0, 2840481.209216616, 17550.0520, 214
100.0, 3357819.1408794303, 24718.1510, 228
100.0, 3066014.0749658546, 33225.7950, 220
100.0, 2638508.68479856, 31229.4430, 222
100.0, 3174805.7002406474, 28284.7890, 212
100.0, 3005128.396073964, 31951.6400, 226
100.0, 2360946.6587551874, 24053.2220, 206
100.0, 2733884.705998421, 21895.3360, 246
100.0, 2687397.91597706, 22158.6200, 200
100.0, 2595852.5432035523, 27558.5620, 210
100.0, 3256663.1010320955, 30145.9510, 226
100.0, 2630340.9577215044, 34755.3970, 216
100.0, 3161280.2066144575, 29116.2600, 214
100.0, 3589832.46212922, 30546.8830, 218
100.0, 2598159.211903016, 37212.9200, 240
100.0, 2638614.9282955783, 34141.9630, 208
100.0, 3321449.240426122, 20787.0170, 208
100.0, 2699061.0741373887, 27476.9840, 182
100.0, 2878038.8518167036, 24930.4050, 218
100.0, 3416540.356959361, 19326.5320, 260
100.0, 2639137.3757388443, 29775.0370, 228
100.0, 2817364.7738943943, 24318.4790, 268
100.0, 2701580.6499260324, 26495.7520, 210
100.0, 2471980.403339115, 32817.0050, 198
100.0, 3000187.878935485, 27477.6680, 194
100.0, 2869222.478340803, 19109.4090, 198
100.0, 3041345.221004374, 23713.7980, 252
100.0, 2612071.7112249495, 19139.3750, 202
100.0, 2689461.3612086535, 20143.7200, 234
100.0, 3334120.252367578, 31211.5150, 218
100.0, 2680201.006870762, 25692.5030, 178
100.0, 2440388.7445141985, 22034.3350, 202
100.0, 2890862.425800471, 27655.7250, 212
100.0, 2573936.340612439, 25535.6080, 202
100.0, 2168685.9567701276, 15576.1190, 198
100.0, 2735468.561644939, 27733.7710, 226
100.0, 3178079.532607518, 18752.6290, 208
100.0, 2568424.686420557, 22367.8880, 182
100.0, 2609041.7076127618, 15809.6440, 178
100.0, 2707086.201831425, 17853.4860, 208
100.0, 3093570.636678922, 25581.6790, 244
100.0, 2449462.475657126, 33073.0620, 200
100.0, 3064112.951853163, 20802.2320, 208
100.0, 2685334.0253531053, 25466.3130, 210
100.0, 2535639.7001324836, 24338.6500, 230
100.0, 3001565.1609108075, 23082.4620, 218
100.0, 2479873.3429589113, 23318.4700, 200
100.0, 2650393.4486408886, 30841.5590, 202
100.0, 2680033.522808024, 38554.9850, 206
100.0, 2882702.5162608745, 25494.8720, 216
100.0, 2911602.315493377, 33374.7180, 184
100.0, 3159895.9882748416, 29838.3370, 206
100.0, 3112501.3006097055, 23721.6390, 234
100.0, 2786279.119768526, 28359.9470, 204
100.0, 2560604.481291427, 23870.8660, 196
100.0, 2469915.464270817, 24300.5260, 194
100.0, 2973594.231588331, 15597.7930, 208
100.0, 2343312.6789817032, 27568.5860, 226
100.0, 2522736.2073344337, 30635.5300, 218
100.0, 3102844.8331177565, 20261.3870, 214
100.0, 2785089.456609589, 26953.8650, 240
100.0, 2539771.341615041, 21040.0800, 212
100.0, 2840513.650297469, 29400.4050, 224
100.0, 2887331.8850434897, 30459.6950, 226
100.0, 2638627.7144191475, 38572.8200, 210
100.0, 2737112.0444963854, 24722.3810, 204
100.0, 2522912.3281016797, 22117.8610, 198
100.0, 2942047.517722689, 22301.5810, 214
100.0, 2419194.254285004, 35277.9200, 226
100.0, 3225280.318657478, 26899.2160, 224
100.0, 2915872.719734634, 20140.9630, 210
100.0, 2861935.8569844635, 20394.8070, 218
100.0, 2995144.886691622, 28905.7870, 210
100.0, 3163751.1423838492, 22345.7050, 240
100.0, 2406629.136343393, 28843.5360, 198
100.0, 2796427.7670231396, 20566.3690, 222
100.0, 2446374.806714806, 16477.8600, 196
100.0, 2741075.3225955353, 31308.8890, 212
100.0, 3240092.492807048, 24863.1010, 224
100.0, 3028142.4362817057, 23786.2290, 226
100.0, 2654819.801786924, 31571.8210, 214
100.0, 2820135.685003268, 18849.5790, 220
100.0, 3409142.08678417, 23044.8840, 226
100.0, 2956392.9826209787, 20758.5810, 236
100.0, 2620908.242171489, 19828.6780, 212
100.0, 3198292.798485506, 26995.9350, 234
100.0, 2712003.208051809, 21371.6830, 214
100.0, 3160567.1166768963, 29191.8930, 208
100.0, 3087058.3701140103, 22357.9530, 226
100.0, 3275170.52675025, 26626.0640, 250
100.0, 3231910.466295266, 31308.1260, 208
100.0, 3140463.965726557, 20815.8820, 238
100.0, 2763074.6604096033, 29866.5700, 240
100.0, 2643724.82876329, 26409.9280, 212
100.0, 2445066.9699701555, 30665.9970, 222
100.0, 3010134.0179021596, 22656.4950, 220
100.0, 2503251.3075916106, 18196.7530, 202
100.0, 1940379.7206028425, 16069.9800, 204
200.0, 2665234.6190235377, 37673.8980, 192
200.0, 2862132.0924693323, 22214.3680, 238
200.0, 2286339.9049861315, 16623.5180, 190
200.0, 3177419.7614838514, 25440.5740, 216
200.0, 3090766.8129778644, 22463.5130, 224
200.0, 2543550.1288095918, 20651.0700, 224
200.0, 3764587.675730716, 20214.4700, 236
200.0, 2985230.0002264557, 35218.6010, 212
200.0, 2801611.410223965, 24001.8000, 212
200.0, 2932865.9113319595, 40814.4040, 208
200.0, 2200996.4215023536, 32365.5230, 194
200.0, 2934211.568207596, 33370.9980, 230
200.0, 2762114.639457389, 21326.6000, 218
200.0, 3067201.4522161866, 39972.1040, 214
200.0, 3256977.2996943505, 39069.2270, 226
200.0, 2887261.4319923026, 28394.0200, 214
200.0, 3135986.5121849263, 20966.4130, 206
200.0, 2159779.5923335617, 15440.6890, 184
200.0, 2956675.628746504, 33451.1890, 258
200.0, 2588873.6898066998, 30996.8670, 216
200.0, 2830500.9410182517, 23691.1470, 242
200.0, 2562083.0570068876, 17563.3630, 222
200.0, 3041863.004640408, 25713.2660, 226
200.0, 2998738.7825327646, 22748.4800, 232
200.0, 2996157.440239378, 34160.8210, 214
200.0, 2812358.455827978, 23005.6260, 208
200.0, 2994552.0586155076, 25721.2270, 218
200.0, 2906992.1702100025, 21359.8790, 238
200.0, 3404427.077118827, 21588.5410, 244
200.0, 2573805.8419815605, 26782.5460, 222
200.0, 3136402.925801082, 26943.5130, 230
200.0, 3279036.248286593, 27279.7770, 226
200.0, 3490805.3133950364, 23275.4630, 214
200.0, 2763483.497415065, 28631.3960, 214
200.0, 3491627.337186932, 19270.3180, 250
200.0, 2072293.768031881, 17904.5860, 198
200.0, 2869137.043717176, 25807.7960, 242
200.0, 2309631.660805394, 23557.7600, 220
200.0, 3049858.044936858, 31285.5870, 242
200.0, 2981590.8644710793, 19214.7910, 252
200.0, 3083147.063604565, 22000.3960, 200
200.0, 2666696.8052883362, 24618.1270, 222
200.0, 3034915.60282197, 24234.7230, 222
200.0, 2603242.881651584, 27122.0710, 242
200.0, 3024432.5093243616, 22504.9370, 210
200.0, 2873032.8106479323, 23392.7970, 214
200.0, 2806265.16876496, 25202.5020, 250
200.0, 2648084.4040839113, 22468.0570, 238
200.0, 2926671.285219891, 32359.6460, 230
200.0, 2225380.621670295, 24641.3500, 200
200.0, 2606764.211136202, 22169.2110, 216
200.0, 2885465.1691212123, 24275.7330, 246
200.0, 2591158.8615017817, 34769.3030, 224
200.0, 2673198.3888715375, 22355.7220, 216
200.0, 3276829.009880774, 20046.8030, 254
200.0, 2744737.689126528, 26505.3830, 220
200.0, 3036100.50266787, 33511.3830, 226
200.0, 3014656.935359063, 22437.6180, 230
200.0, 3049496.2744974187, 18031.7310, 252
200.0, 2501765.2454612125, 31612.2100, 230
200.0, 3031493.4183875807, 23253.7250, 220
200.0, 2620774.623740464, 26743.5430, 228
200.0, 3065715.383348204, 22882.6500, 248
200.0, 2580557.2085397975, 26574.8600, 214
200.0, 3333313.480700187, 29066.3190, 224
200.0, 2906039.074928207, 26232.3190, 234
200.0, 3063164.5603507655, 23403.5160, 230
200.0, 2344497.5417410214, 23266.7150, 194
200.0, 2978247.7871409585, 31427.2890, 242
200.0, 2720874.3105902993, 23540.5480, 200
200.0, 2852513.0715925936, 19153.8150, 226
200.0, 2360864.681747159, 28661.1810, 206
200.0, 2809459.291624589, 25842.3310, 238
200.0, 3585898.7912637694, 32989.0850, 238
200.0, 3119162.8764141295, 37691.6390, 234
200.0, 2930551.186296356, 24900.4160, 236
200.0, 2800800.744766705, 29382.7980, 204
200.0, 2679613.8405592395, 28705.0620, 224
200.0, 2831739.77021893, 27420.5620, 232
200.0, 2714025.3310007877, 18927.0600, 222
200.0, 2931120.996143703, 33392.0190, 270
200.0, 2920192.3831358305, 22793.5320, 232
200.0, 3426833.5993012185, 20812.3270, 200
200.0, 3185745.2093722383, 29217.8480, 208
200.0, 3076080.274636735, 23466.9170, 236
200.0, 2727547.9975730754, 38704.0670, 222
200.0, 3065452.127352813, 33048.3260, 246
200.0, 3457712.1676259614, 21542.6630, 220
200.0, 3349431.716492198, 27599.8230, 244
200.0, 2810640.277147287, 20143.9050, 254
200.0, 2476906.2631396824, 28319.4980, 226
200.0, 2353465.377524964, 20713.5780, 234
200.0, 2266235.6395132183, 21027.5750, 218
200.0, 2788262.280545245, 22982.3190, 220
200.0, 2829159.5383953457, 33329.7280, 194
200.0, 3254156.4809453045, 25433.5960, 248
200.0, 2282862.692055111, 23133.0540, 212
200.0, 3093022.806875098, 27267.5920, 210
200.0, 2812677.606845702, 27107.3810, 212
200.0, 2807937.402736778, 35506.0990, 250
200.0, 2332062.5283695487, 26866.1340, 214
200.0, 2775348.002032152, 25991.4950, 226
200.0, 2815826.2586071296, 31510.0520, 228
200.0, 2884375.806764342, 16907.4770, 220
200.0, 3132857.3286722517, 22025.8770, 228
200.0, 3003103.3153695194, 42702.1730, 224
200.0, 3067976.1925983443, 22488.3420, 226
200.0, 3201015.8135651443, 20250.9840, 218
200.0, 2395210.0567260594, 19386.8030, 204
200.0, 2554524.3640442244, 18056.9730, 214
200.0, 2653412.2776664793, 39404.1750, 224
200.0, 2895330.338726294, 25250.2920, 208
200.0, 2899465.4511053422, 13251.1610, 260
200.0, 2518605.836094023, 22984.8850, 210
200.0, 3147659.5646270216, 18235.1650, 248
200.0, 2928297.092163005, 31570.7420, 226
200.0, 2921588.5553452782, 29790.3340, 214
200.0, 2783874.8727576, 27255.9780, 218
200.0, 3330698.4703557845, 27764.3230, 256
200.0, 2575760.6629382535, 24368.6190, 228
200.0, 2355256.464240197, 27274.6940, 222
200.0, 3008181.1087691025, 32992.3690, 210
200.0, 2553606.1790471585, 26474.3980, 226
200.0, 2424573.9011829463, 17678.1720, 222
200.0, 2967301.7064998415, 24991.7710, 240
200.0, 2559241.5154136103, 28674.0040, 202
200.0, 2477549.8555262526, 27717.3880, 200
200.0, 2805209.826087189, 29528.4860, 204
200.0, 3395903.727727494, 34304.2920, 258
200.0, 3258509.6782234777, 26984.8540, 268
200.0, 2960573.539011469, 31769.7620, 268
200.0, 3217583.4010066814, 23858.1100, 242
200.0, 3164237.766225536, 32787.8410, 238
200.0, 2989445.974906846, 26802.3080, 220
200.0, 2846672.735160936, 21067.6050, 242
200.0, 2762304.570090187, 33095.6000, 220
200.0, 2711727.508310221, 22954.4600, 208
200.0, 2815230.0487066056, 25666.0210, 216
200.0, 2458621.2863767412, 23142.8480, 186
200.0, 2560267.5281674345, 29455.2290, 184
200.0, 2276790.5054150503, 28603.4040, 210
200.0, 2623400.616411507, 21997.7140, 200
200.0, 3389377.5024552294, 41837.0920, 228
200.0, 3223127.9221459976, 37356.7690, 236
200.0, 2853292.921775357, 25119.4350, 252
200.0, 2687443.1323238914, 30805.0130, 224
200.0, 2628310.0607479224, 28093.3310, 226
200.0, 2546176.711553241, 21949.3820, 238
200.0, 2546551.013706325, 24182.9060, 210
200.0, 2869227.9184133885, 28920.9310, 248
200.0, 2604359.800998074, 29981.1770, 238
200.0, 3461150.7868215158, 25762.5460, 210
200.0, 2631261.907751614, 20125.4120, 246
200.0, 3329412.9339267462, 19225.3570, 262
200.0, 3017008.3241981324, 22300.0050, 220
200.0, 2970282.5668157293, 27117.4830, 228
200.0, 2385955.5632242737, 17648.5880, 218
200.0, 2932019.1275172033, 32361.7990, 212
200.0, 2739371.7731423834, 20890.6840, 230
200.0, 2875625.0040096934, 26066.6340, 234
200.0, 3176925.7677892772, 17585.2140, 240
200.0, 2862058.6167976856, 30563.6620, 230
200.0, 2933838.9792849147, 34097.9870, 216
200.0, 2702584.866654257, 25614.5700, 206
200.0, 2551699.682648928, 25519.8440, 222
200.0, 2304158.4456838537, 31041.8710, 242
200.0, 2631147.2224061266, 29151.6240, 234
200.0, 2668806.9000483053, 28234.7130, 222
200.0, 3150692.738841137, 27336.3330, 230
200.0, 2240282.9736060305, 38223.0050, 222
200.0, 2673181.1155877043, 19456.6640, 264
200.0, 3439882.052818949, 25040.6060, 240
200.0, 2716064.7275674236, 24191.9230, 240
200.0, 2296289.4546632124, 20684.5770, 214
200.0, 2471703.8801042745, 19077.6310, 202
200.0, 2780077.3474548496, 24921.6540, 230
200.0, 2864885.1121577383, 24970.8180, 232
200.0, 2291144.6181555553, 26784.7820, 226
200.0, 2955026.2538111755, 27009.9910, 222
200.0, 2388596.5140074855, 16063.7920, 204
200.0, 3014600.0403183345, 21244.1180, 222
200.0, 3407775.9402314983, 30326.3330, 232
200.0, 3374414.079654754, 23147.9460, 224
200.0, 2321348.762179328, 25336.2300, 214
200.0, 2384384.3298294563, 21958.2290, 232
200.0, 2605948.8592221565, 33261.4580, 208
200.0, 3033422.728958159, 35440.3480, 206
200.0, 3030059.651503111, 34222.2510, 236
200.0, 2742818.328835576, 27840.2180, 204
200.0, 2621145.103852633, 27362.1960, 204
200.0, 2670028.3469729885, 23844.3790, 232
200.0, 2652044.36844083, 16558.7480, 216
200.0, 2779455.4438848905, 31381.6500, 198
200.0, 3347518.910137339, 26317.9770, 206
200.0, 2614674.121299241, 14308.4490, 218
200.0, 2624786.3011551257, 24277.1230, 192
200.0, 2889488.5525469817, 31366.8820, 208
200.0, 2915213.34532023, 36923.2400, 244
200.0, 3293981.9466365855, 20580.3160, 242
200.0, 2547790.033965839, 25606.9510, 238
300.0, 3023140.648008819, 24840.2460, 222
300.0, 3221031.783584372, 25763.0400, 224
300.0, 2893761.033955639, 23427.5130, 204
300.0, 2748719.00140657, 34431.2830, 198
300.0, 2909347.298927367, 31686.3830, 224
300.0, 2293066.026332622, 19853.1150, 230
300.0, 3680138.114591861, 28752.1520, 254
300.0, 3122360.659542164, 20898.0760, 232
300.0, 2762466.195046393, 20940.9700, 246
300.0, 2246599.473554321, 28891.5830, 200
300.0, 2441820.486769062, 19009.3030, 246
300.0, 2654542.756396489, 24445.0120, 214
300.0, 2861886.399141889, 21375.4310, 220
300.0, 2657734.9418407525, 30170.9050, 244
300.0, 2931908.993309541, 26934.2890, 250
300.0, 2528232.634240972, 31782.1320, 220
300.0, 2687932.690439247, 27691.9290, 212
300.0, 3133119.3782868735, 27672.0440, 252
300.0, 2762772.6951264227, 21763.1930, 232
300.0, 3018548.4951244914, 23929.9710, 198
300.0, 2976811.3822073746, 22909.6620, 232
300.0, 2683759.9372532577, 27640.5680, 240
300.0, 2690837.243512314, 28138.5560, 200
300.0, 2701526.7890441036, 18224.8840, 260
300.0, 3398797.916572389, 34867.1610, 218
300.0, 2571226.4437290113, 18716.7330, 212
300.0, 3316305.6812789543, 22281.0820, 242
300.0, 3383425.986979076, 25885.2990, 244
300.0, 3114283.9500743025, 37170.4480, 216
300.0, 3147540.2182195, 27205.9580, 236
300.0, 2896791.0304625113, 33481.7210, 234
300.0, 2911211.363957149, 39253.5690, 214
300.0, 2574086.8886687933, 23505.5720, 252
300.0, 3538887.5274348035, 25479.9190, 242
300.0, 2461800.0136001245, 21511.0330, 192
300.0, 3118259.1603348255, 27013.3050, 240
300.0, 2715834.7030959358, 30634.9750, 214
300.0, 2476686.3177087787, 27659.4020, 210
300.0, 2744458.3503615614, 34874.8120, 232
300.0, 2552640.1170114563, 18054.8160, 226
300.0, 3126347.2077688444, 18927.3780, 250
300.0, 2608035.4583660546, 37649.6430, 202
300.0, 2266103.1064408496, 25861.0140, 240
300.0, 2775270.389522545, 21474.8390, 210
300.0, 2160986.8268775544, 17150.4800, 196
300.0, 3106475.2794719585, 32348.6910, 216
300.0, 2777160.414895543, 27071.5480, 214
300.0, 2652576.4389109206, 28806.0070, 182
300.0, 3146985.8036434767, 14419.0680, 188
300.0, 2659854.1132201734, 27093.9240, 230
300.0, 2530727.8838213203, 22639.1890, 236
300.0, 2329910.7082317146, 19162.9270, 218
300.0, 2574930.5363012888, 24775.7760, 228
300.0, 3450692.4146040324, 27579.3950, 256
300.0, 3001511.0453004707, 30530.6120, 224
300.0, 2740323.1875570873, 30335.7780, 230
300.0, 3139521.9310223847, 21816.8210, 272
300.0, 2996594.797405588, 33501.9160, 212
300.0, 2807718.7275249227, 25564.5520, 252
300.0, 2659424.912089236, 19259.6390, 220
300.0, 3376574.152932747, 19764.3080, 232
300.0, 2769202.426851722, 22065.4750, 246
300.0, 2671975.0234027263, 31443.1660, 220
300.0, 2987752.533034863, 24574.8710, 224
300.0, 3151138.070815127, 28430.7280, 244
300.0, 3064835.636587238, 21514.2570, 204
300.0, 2647820.9758888255, 23111.7280, 246
300.0, 3045995.2338714716, 28289.6680, 238
300.0, 2843106.0511177466, 35395.4270, 234
300.0, 2856190.0344307986, 30041.1690, 248
300.0, 3121968.1776935216, 23549.4210, 218
300.0, 2456690.6949500157, 26372.2010, 236
300.0, 2564307.783395298, 23848.9410, 226
300.0, 2596314.570027789, 25375.3220, 240
300.0, 3219584.0639987504, 25471.0680, 228
300.0, 2966653.542509183, 40392.3680, 224
300.0, 2355835.2522210088, 25943.2380, 266
300.0, 3292711.901124781, 27933.5960, 244
300.0, 2822992.0636631954, 38136.8940, 246
300.0, 2890801.1315731956, 24378.1180, 234
300.0, 2689134.863200743, 42888.6320, 200
300.0, 2894526.6355752, 28983.4920, 242
300.0, 2907521.140002323, 15701.9590, 238
300.0, 3074195.068262213, 21450.0360, 230
300.0, 2859144.4661557605, 19927.5270, 236
300.0, 3000408.9866515417, 21781.3220, 222
300.0, 2669675.988877872, 22968.8580, 252
300.0, 3447687.5385585306, 37873.6170, 226
300.0, 2884822.0303725996, 22543.9320, 246
300.0, 2667418.4590173545, 33100.0770, 234
300.0, 2794541.898496299, 30650.5170, 222
300.0, 2904577.1173194866, 26225.0750, 220
300.0, 2847984.4113488086, 15993.1470, 250
300.0, 2531240.9185864907, 25130.3480, 212
300.0, 2688149.738711878, 22198.1200, 232
300.0, 2534229.173153444, 34240.8060, 232
300.0, 2956627.5798678123, 16075.4610, 204
300.0, 2751258.947704608, 31608.6690, 214
300.0, 2645328.3522951556, 24589.9490, 234
300.0, 2791018.26064558, 34477.4750, 228
300.0, 2989355.380486921, 24569.1390, 254
300.0, 2313120.3216824634, 30599.0010, 180
300.0, 3327282.2688764613, 24369.4860, 238
300.0, 2928160.3967673015, 26245.2600, 240
300.0, 2726910.514942677, 15867.8000, 222
300.0, 2782499.0741894054, 27928.7560, 210
300.0, 2760361.99217118, 18539.8050, 216
300.0, 3659711.668801508, 31606.1570, 220
300.0, 3034949.271524767, 35358.0850, 254
300.0, 2651444.6261651088, 17088.8810, 218
300.0, 2972101.730033071, 33528.9270, 260
300.0, 2915378.5512659363, 26758.5090, 220
300.0, 2218793.8718033847, 24871.1110, 192
300.0, 3088072.165084718, 39031.2750, 254
300.0, 3200851.2533131284, 30895.3990, 224
300.0, 3050114.0082145603, 38806.6000, 230
300.0, 2811294.1468941313, 25628.3150, 216
300.0, 2792500.446696848, 23869.1050, 222
300.0, 3238337.7521304814, 24026.4500, 198
300.0, 2645085.16890454, 30806.9910, 232
300.0, 2852906.5259422213, 36104.9460, 212
300.0, 2662508.411930328, 42435.1080, 236
300.0, 2617502.967650931, 27635.5670, 246
300.0, 2987988.523978314, 24777.2790, 224
300.0, 2523253.549565049, 15168.8520, 238
300.0, 2705475.8992926143, 25931.8070, 212
300.0, 3049958.8106610784, 37781.1890, 218
300.0, 3061111.2156611644, 18680.6030, 224
300.0, 3395136.2424443136, 27283.2340, 224
300.0, 3098952.661578981, 16457.5790, 224
300.0, 3130273.4974779524, 22829.8760, 230
300.0, 3060877.7013648534, 28240.2900, 228
300.0, 2663362.280914398, 26432.0510, 220
300.0, 2545566.341908414, 30867.0080, 194
300.0, 3248441.7566525224, 23445.0830, 250
300.0, 2851531.3379327655, 31845.2640, 202
300.0, 2676003.866514747, 24333.3030, 236
300.0, 2789491.136207254, 23773.8080, 224
300.0, 2985781.384255209, 22034.3480, 230
300.0, 2635691.511502437, 13094.6080, 228
300.0, 2439570.9307521307, 20128.4120, 206
300.0, 3458872.701690516, 26979.4790, 244
300.0, 3256105.5020974656, 25583.9670, 248
300.0, 2684403.0394900856, 24444.4610, 206
300.0, 3206009.3662257823, 26217.9370, 224
300.0, 3220800.138368789, 36532.5710, 232
300.0, 2558753.5061383625, 19660.9930, 226
300.0, 3240033.4411615995, 28523.2360, 240
300.0, 2623996.3397709057, 27609.9720, 248
300.0, 3005085.821290084, 25390.5690, 236
300.0, 2811686.4991702316, 29770.5980, 232
300.0, 2802916.5141218915, 28151.8520, 226
300.0, 2646555.187851651, 14611.3890, 234
300.0, 3214013.737886584, 30755.8340, 216
300.0, 2933766.222289092, 42606.1250, 206
300.0, 2756109.5370946988, 25791.9480, 218
300.0, 3071207.4275123784, 24948.2720, 244
300.0, 3029279.528192839, 36169.5010, 222
300.0, 2369878.5616278453, 25777.6670, 198
300.0, 2735740.2480484983, 28232.4150, 248
300.0, 2775793.077280525, 23292.7540, 234
300.0, 2719401.679824477, 31030.8360, 218
300.0, 2739139.6519612903, 44088.9400, 218
300.0, 2638381.477204269, 21392.4440, 256
300.0, 2943508.644864613, 20016.3800, 262
300.0, 2551360.6727418103, 26231.9230, 234
300.0, 2575384.8096535527, 22830.1920, 218
300.0, 3843968.044325416, 24089.4210, 258
300.0, 3234342.4199388023, 22174.5780, 216
300.0, 2916304.8745058966, 27952.5070, 218
300.0, 2537430.3081185613, 31524.7470, 192
300.0, 3742311.455205403, 44126.5080, 212
300.0, 2883829.6698655034, 25808.1370, 246
300.0, 3106926.2629995244, 27745.6830, 202
300.0, 2760723.8420326645, 24716.0060, 232
300.0, 2825214.0018526213, 22387.2340, 232
300.0, 2810297.706077881, 17429.3290, 218
300.0, 2794822.362171383, 27502.7970, 254
300.0, 2492941.5613406547, 22414.7680, 220
300.0, 2424093.3704374474, 22188.0670, 224
300.0, 2729014.2530876333, 25625.9650, 208
300.0, 2781839.15493007, 22743.3880, 208
300.0, 2815873.859986955, 33684.3400, 228
300.0, 3093691.2208269727, 16341.0630, 250
300.0, 2698988.4009813066, 25753.3650, 216
300.0, 2978006.785197658, 31775.2280, 218
300.0, 3031395.0753535815, 23769.4180, 238
300.0, 2296565.475391796, 24215.9510, 198
300.0, 2445534.4044381264, 22181.7140, 198
300.0, 3109751.09560062, 29107.5270, 244
300.0, 2988372.0651794528, 33705.2270, 230
300.0, 2970730.4548621704, 27882.7880, 206
300.0, 3205029.3979588035, 20693.4870, 250
300.0, 2734192.273440342, 25250.8740, 264
300.0, 2573411.4358047675, 23285.9770, 218
300.0, 3105949.9503057688, 22801.3740, 242
300.0, 3196730.4292105664, 26325.8620, 250
300.0, 2472321.293604228, 16644.5540, 218
300.0, 2702679.0934391166, 19759.2150, 230
300.0, 2928148.0062242704, 30486.1890, 240
400.0, 3372390.542650698, 24002.8570, 224
400.0, 3056079.315004267, 21988.0550, 260
400.0, 2985086.888327357, 26287.0230, 214
400.0, 2834493.7363467547, 19222.2370, 226
400.0, 2393431.294317901, 31500.3520, 228
400.0, 2592987.645926836, 19702.7340, 214
400.0, 2835530.83054937, 29108.7090, 248
400.0, 2214476.0016958485, 18636.9480, 214
400.0, 2612101.48885409, 30518.5140, 232
400.0, 2727246.825753619, 28814.5500, 214
400.0, 2538447.4118286264, 28755.1340, 214
400.0, 3211520.3669157694, 23624.1770, 256
400.0, 3354223.471039892, 24628.1910, 246
400.0, 2596931.2902489454, 22290.3580, 204
400.0, 2262681.8121423814, 22244.4840, 230
400.0, 3253070.0845171595, 32016.4450, 218
400.0, 2708362.5464340155, 21573.0620, 208
400.0, 3218124.7391244043, 39896.7910, 212
400.0, 3038400.777908018, 22360.6250, 220
400.0, 2934960.6820454528, 26605.7060, 210
400.0, 3149290.5506085893, 22479.5310, 236
400.0, 2808198.508400778, 30517.7540, 220
400.0, 2851902.349478465, 23136.6880, 236
400.0, 2589250.569091605, 25588.1230, 256
400.0, 2875811.683745999, 28528.4060, 236
400.0, 2972187.308556948, 33576.3590, 236
400.0, 2922964.3266567024, 21707.8540, 234
400.0, 2797704.1377683366, 29234.2680, 252
400.0, 3015124.984127889, 23771.4050, 224
400.0, 2999277.9945721026, 21351.1230, 208
400.0, 2666131.9784898027, 29576.1250, 242
400.0, 2733277.0686240746, 31300.9300, 218
400.0, 2487626.297368173, 23410.3810, 194
400.0, 2516495.1884490894, 23326.4670, 224
400.0, 2927152.466233387, 32907.7600, 226
400.0, 2753645.579660131, 35321.8780, 244
400.0, 2853308.7841865364, 32620.3280, 240
400.0, 2367997.8722925517, 37146.7820, 220
400.0, 3195172.0323616336, 20015.2980, 228
400.0, 3036338.777821596, 27904.0510, 220
400.0, 3163767.0943695246, 33910.7410, 198
400.0, 2191290.112843259, 30079.9420, 206
400.0, 3128992.3491539424, 29785.5740, 216
400.0, 2793251.504131505, 33548.8040, 252
400.0, 3173963.304037011, 26039.6180, 252
400.0, 2662482.3428239897, 34026.6640, 260
400.0, 2566170.1818867554, 24394.9620, 246
400.0, 2982727.438511986, 30342.7330, 238
400.0, 2704202.3348119482, 17654.1910, 206
400.0, 2298070.519294101, 27165.2730, 238
400.0, 3085419.745461005, 24627.3840, 226
400.0, 2955483.623893548, 38794.3500, 250
400.0, 3275087.666521758, 25125.0850, 246
400.0, 2951855.569942674, 34171.8540, 212
400.0, 2707376.834413255, 20525.4020, 212
400.0, 3390310.587327695, 34090.7090, 224
400.0, 2701056.1300487113, 33596.9280, 236
400.0, 2926845.935060428, 28535.6900, 212
400.0, 2549971.530482329, 18271.4110, 216
400.0, 2849932.6521235364, 32875.8620, 238
400.0, 3009754.941076292, 36565.8660, 248
400.0, 2475894.312469818, 28226.2040, 258
400.0, 2500175.236496247, 29753.1040, 224
400.0, 3319110.702644161, 27784.8950, 240
400.0, 2505099.832234799, 24187.0560, 208
400.0, 3235062.668605608, 30515.7110, 242
400.0, 3220697.651615577, 38166.5340, 206
400.0, 2893135.882419116, 28203.8680, 238
400.0, 2943552.1395505783, 16737.6170, 220
400.0, 2925952.3002903154, 21932.0190, 258
400.0, 2955159.168810123, 28124.5210, 248
400.0, 2822086.546729323, 21015.8920, 230
400.0, 3145051.0210832832, 22984.4650, 258
400.0, 2458081.118823918, 21074.1530, 200
400.0, 2488569.3256873786, 26539.5460, 234
400.0, 2456124.3722649566, 20919.5840, 218
400.0, 2031574.6312400168, 22255.5350, 232
400.0, 2929824.97482554, 21091.7340, 218
400.0, 2869838.875550604, 37794.7390, 228
400.0, 3391749.441210201, 28976.3450, 280
400.0, 1917594.145118656, 32277.2420, 208
400.0, 3026857.1209012805, 28152.6300, 242
400.0, 2256617.02025964, 31467.9320, 212
400.0, 3423137.0038928213, 27639.4630, 238
400.0, 2227660.3428730303, 20417.7160, 194
400.0, 2939402.4992895247, 27081.6870, 252
400.0, 3206507.0032521756, 19918.3770, 246
400.0, 2807374.2256171633, 40909.3850, 232
400.0, 2568342.159989442, 23661.8610, 234
400.0, 2490548.2777487813, 26232.0470, 222
400.0, 2811122.788822828, 17431.6650, 236
400.0, 3241160.6395548917, 22376.8300, 240
400.0, 2694312.7467870726, 17606.6150, 260
400.0, 2289115.0597776426, 32101.4670, 190
400.0, 2871132.1891816254, 23218.4460, 204
400.0, 3235652.7650843263, 27725.9730, 226
400.0, 2913739.666745861, 32390.0870, 250
400.0, 2591690.167474211, 25181.5130, 224
400.0, 3132758.786558105, 32190.7950, 242
400.0, 3697513.559754046, 45094.6360, 218
400.0, 3091740.9036338315, 26506.0980, 244
400.0, 2500684.277990758, 20401.3100, 208
400.0, 2713939.0507854437, 22962.3840, 228
400.0, 2990047.1981889256, 23292.1140, 254
400.0, 2793155.2073690644, 15862.3290, 238
400.0, 2833092.8156766645, 20541.9260, 240
400.0, 3054288.219049535, 40185.1950, 234
400.0, 2494795.1913855104, 27259.6950, 208
400.0, 2418092.31396604, 36073.1650, 210
400.0, 2735084.399160541, 23721.7640, 228
400.0, 2827424.54495878, 26589.6350, 258
400.0, 3120772.550326521, 22397.1150, 222
400.0, 2772614.3800011757, 32513.9770, 238
400.0, 2602230.8150240877, 31971.8850, 224
400.0, 2612585.85145948, 33229.2680, 200
400.0, 2783643.4402853595, 30223.0540, 228
400.0, 2707046.237319252, 28568.7970, 216
400.0, 3028290.312569576, 38696.8870, 224
400.0, 2520975.545334324, 20704.8010, 218
400.0, 2915103.007851794, 30482.4530, 206
400.0, 2065044.082545952, 29542.0520, 232
400.0, 2687879.628749451, 38060.8780, 218
400.0, 3339872.236131438, 36207.6850, 200
400.0, 2973976.5728761866, 33592.9560, 236
400.0, 3444802.157804951, 28837.5910, 230
400.0, 2587385.2906607953, 25320.9090, 228
400.0, 2675140.21510537, 25456.0690, 260
400.0, 2839156.986579041, 18368.7090, 226
400.0, 2680138.8986519664, 27480.8430, 202
400.0, 3148093.092812989, 32409.4360, 252
400.0, 3086978.3641271074, 25672.5350, 224
400.0, 2966875.068170982, 17591.3820, 256
400.0, 2783611.130292357, 26063.5790, 228
400.0, 2240491.809039773, 27121.2840, 220
400.0, 3072706.3458497543, 34644.4410, 240
400.0, 3176309.991756982, 27709.1710, 218
400.0, 3310699.9616187788, 23227.5960, 250
400.0, 2951951.600055317, 30753.2740, 200
400.0, 2485831.303204879, 26697.4120, 218
400.0, 3032162.5246516853, 20341.4720, 218
400.0, 2685832.100412604, 23349.2700, 230
400.0, 2663437.1866135686, 21391.8990, 250
400.0, 3005925.142156422, 38536.0880, 236
400.0, 2492752.85683347, 20926.3760, 188
400.0, 2855074.092980766, 28719.7800, 238
400.0, 2665934.149345768, 21389.9660, 230
400.0, 2933574.724601207, 17015.7880, 196
400.0, 2844610.6940930276, 37528.0700, 248
400.0, 3248351.964064444, 31389.7050, 246
400.0, 2505450.6315548588, 21917.0140, 232
400.0, 3037772.709710666, 27607.5490, 200
400.0, 3065992.68975491, 30545.5340, 236
400.0, 2902694.977525106, 22817.4240, 236
400.0, 2438743.363822459, 20623.5500, 226
400.0, 2695061.1445061374, 22989.1460, 204
400.0, 2954596.616438702, 29939.5510, 218
400.0, 2524489.2921292842, 23699.3330, 226
400.0, 3221402.668784048, 24254.5070, 256
400.0, 2636271.374785685, 21886.5100, 250
400.0, 2856349.9617798636, 38844.5830, 218
400.0, 2672198.248495768, 20227.8360, 224
400.0, 3599022.950072022, 33999.0160, 214
400.0, 2883885.8624582817, 16731.4220, 224
400.0, 3538002.2877306556, 25835.8790, 234
400.0, 2750447.8195535145, 34182.3710, 230
400.0, 2977388.585945564, 34942.7820, 238
400.0, 2658652.0685563358, 24799.6270, 236
400.0, 2664606.5892438577, 19511.2870, 244
400.0, 2659234.4150183927, 24749.1290, 212
400.0, 3089913.0254201903, 31836.5740, 244
400.0, 2685938.831013724, 25765.6580, 222
400.0, 2995018.6343467534, 44845.9540, 258
400.0, 3043606.8535261676, 42355.6000, 246
400.0, 3193184.770049636, 43696.1120, 266
400.0, 2468158.5355742746, 27912.6410, 216
400.0, 2748713.244994282, 34353.3030, 236
400.0, 3030681.2037245757, 27934.7670, 242
400.0, 3663736.441184445, 26097.1120, 228
400.0, 2604559.4426877405, 26329.6530, 248
400.0, 2567572.1466889516, 25032.8650, 220
400.0, 2538898.468003951, 26645.9300, 232
400.0, 3008013.068659618, 24474.6610, 240
400.0, 2947543.378266689, 24185.0640, 258
400.0, 2826937.1726605287, 22696.1220, 250
400.0, 2769512.067894372, 31554.1190, 242
400.0, 2819560.7913451153, 16799.9680, 230
400.0, 2620519.161605349, 23463.3090, 206
400.0, 2931072.7609433546, 25053.1130, 228
400.0, 3034790.826747476, 30335.4280, 224
400.0, 3249955.560423137, 25798.0460, 264
400.0, 3220721.286997178, 35448.3200, 214
400.0, 2400047.459672551, 32225.4800, 230
400.0, 2845312.274307137, 37231.1750, 234
400.0, 2909904.849691736, 42335.4290, 248
400.0, 2917138.2638781136, 25269.1620, 210
400.0, 3306193.772402193, 28564.8080, 238
400.0, 2816543.5151488422, 26138.8230, 222
400.0, 2912844.860289532, 19969.1160, 244
400.0, 2782893.6161589357, 33832.7370, 234
400.0, 2891083.28648709, 20136.3220, 252
500.0, 3014244.0885799527, 22296.0230, 232
500.0, 3600750.1352502652, 23055.2970, 232
500.0, 2373435.7437557457, 21267.3310, 224
500.0, 2965897.8363770638, 18605.9970, 252
500.0, 2483024.0879004523, 22262.1170, 214
500.0, 2926652.0365520124, 29431.8110, 242
500.0, 2481906.223257551, 27281.6180, 216
500.0, 2866125.895567364, 36687.6090, 250
500.0, 2691208.3315706383, 24056.4420, 226
500.0, 2767783.160391795, 28074.9050, 228
500.0, 3314216.7263819585, 34530.5840, 246
500.0, 2866030.232916227, 24615.3290, 246
500.0, 2533217.3280336447, 22834.1560, 206
500.0, 2704023.782866744, 28085.3200, 228
500.0, 2666853.330605802, 34897.6470, 222
500.0, 2549209.1199557697, 24161.5020, 228
500.0, 2612997.090890375, 24342.2330, 226
500.0, 2367680.0054748603, 21619.0040, 226
500.0, 2909634.8760293885, 28771.6170, 216
500.0, 3459539.265571733, 25115.1080, 254
500.0, 3228725.670159015, 19740.4810, 228
500.0, 3032598.6164746433, 30227.6990, 250
500.0, 2758574.3085291144, 25150.2330, 238
500.0, 3485175.422508594, 32678.7530, 232
500.0, 3129373.2659412236, 28702.1590, 222
500.0, 2846351.854928432, 35729.6200, 204
500.0, 2936494.1004640907, 22978.4680, 230
500.0, 3150047.7731654253, 19698.0330, 254
500.0, 2900461.85881067, 18902.7780, 240
500.0, 3542102.9239305006, 25367.5990, 236
500.0, 3079868.8779651746, 24208.0930, 228
500.0, 2365818.1907028286, 25533.8520, 214
500.0, 2374298.4778350233, 27924.5790, 236
500.0, 3166902.0124797006, 25210.9610, 242
500.0, 2963607.3126580347, 31479.7430, 240
500.0, 2726324.7996979305, 20947.8880, 232
500.0, 2723479.0857671574, 27130.7850, 220
500.0, 3122837.0474360064, 23626.7370, 228
500.0, 2402978.7741027134, 18284.6360, 260
500.0, 2243639.3367625684, 23206.8750, 204
500.0, 2691405.5594855463, 31438.4940, 218
500.0, 2585309.588397526, 25922.3850, 260
500.0, 3196956.7970551215, 27171.7140, 236
500.0, 2645419.9480071953, 21887.5680, 206
500.0, 2969565.3931620894, 20437.6880, 218
500.0, 3062357.3399031903, 27175.6000, 256
500.0, 3357014.264684354, 26402.4380, 230
500.0, 2641969.258944243, 28617.2280, 208
500.0, 3256163.651921775, 28894.8870, 250
500.0, 2913539.5937466603, 24724.4100, 216
500.0, 2335404.212398359, 26687.7910, 224
500.0, 3189508.2529926016, 32197.5650, 212
500.0, 2588120.32032684, 17786.0290, 234
500.0, 2936261.4096966255, 22959.2600, 256
500.0, 2558693.6251899214, 28893.1990, 208
500.0, 3113223.8691568244, 28374.4050, 250
500.0, 2642984.5590307005, 28613.8030, 236
500.0, 2579698.139910534, 30850.3820, 226
500.0, 3188074.9762740377, 19884.9150, 240
500.0, 2679938.577618931, 32206.4120, 204
500.0, 3222275.9854871873, 22001.4850, 200
500.0, 3555224.2738226154, 31867.9190, 226
500.0, 3567475.939638102, 15059.4620, 214
500.0, 2810354.64359563, 29070.5820, 240
500.0, 2845966.0479754214, 26198.8920, 290
500.0, 2922505.562772341, 28052.1400, 226
500.0, 2790320.677332886, 32105.7990, 230
500.0, 2693891.818950434, 26584.5870, 210
500.0, 3250444.310644754, 23576.9390, 236
500.0, 2401932.2290048134, 25224.2330, 238
500.0, 2766270.374217893, 27315.4600, 264
500.0, 3082244.4476136104, 22614.8160, 236
500.0, 2740435.694178927, 33297.0760, 244
500.0, 2376216.4710897347, 26407.2730, 244
500.0, 3533615.3706959905, 27523.0110, 240
500.0, 2692601.182072705, 27967.9620, 212
500.0, 2691598.2419219487, 22154.9520, 206
500.0, 2768662.957383644, 26856.3800, 222
500.0, 2723927.9941549315, 24410.5040, 224
500.0, 3503234.3549575624, 21637.4750, 228
500.0, 2948884.7359178388, 23680.0210, 206
500.0, 2472423.868523506, 40736.3740, 236
500.0, 2989735.909830571, 28832.1170, 224
500.0, 2356644.7438971694, 31614.9640, 200
500.0, 2158162.1367143285, 31803.2190, 206
500.0, 3182273.769780096, 36522.8070, 240
500.0, 3201186.5392904608, 29939.1040, 260
500.0, 2729648.3198065236, 18520.1360, 192
500.0, 2415526.0222184896, 23346.3000, 234
500.0, 3146916.780765146, 23241.4380, 226
500.0, 2900979.1074224813, 22579.5770, 206
500.0, 3031421.359334157, 20841.9400, 252
500.0, 2791399.7066181023, 20419.6250, 220
500.0, 3073690.0288377083, 16513.4710, 238
500.0, 2703659.899756102, 24994.1620, 214
500.0, 2807081.843132198, 31881.5850, 220
500.0, 2601933.521634678, 20545.8150, 252
500.0, 2654264.7711697076, 24524.5920, 244
500.0, 2833518.9355894257, 26491.7450, 180
500.0, 2865072.004050777, 38892.9150, 238
500.0, 2439950.6238035974, 27145.9340, 238
500.0, 2229862.4872810044, 16689.8480, 192
500.0, 2674956.4740227265, 25526.3620, 214
500.0, 3715495.868784019, 21068.9220, 266
500.0, 2648583.202680922, 22466.5130, 224
500.0, 2979018.0032328875, 26697.2430, 242
500.0, 3552612.850062099, 29790.9840, 246
500.0, 2782474.747621383, 22044.9700, 234
500.0, 3097436.5001251106, 19495.4250, 208
500.0, 2745345.8562152856, 24914.1120, 222
500.0, 3542685.529678726, 22316.8320, 214
500.0, 2860158.069363491, 26519.6440, 212
500.0, 2578424.780463458, 23424.0120, 226
500.0, 3169496.417406137, 21887.9560, 224
500.0, 2584553.2692855587, 28968.8810, 224
500.0, 3164433.0687093562, 18436.5260, 252
500.0, 3251989.7458490967, 41460.6370, 242
500.0, 2988160.87261637, 22867.0440, 220
500.0, 3113287.7687654262, 23061.5310, 272
500.0, 2593916.9240540005, 26695.6430, 226
500.0, 2651993.9558111606, 22773.4470, 248
500.0, 2337328.825392922, 21492.2670, 214
500.0, 3075498.938434168, 30016.8890, 212
500.0, 2505653.5573028238, 23888.2520, 184
500.0, 2421014.010651706, 27322.4110, 224
500.0, 2528123.509840496, 23203.5280, 210
500.0, 2961492.1376345404, 36525.2890, 240
500.0, 2693075.5199850393, 26250.6560, 214
500.0, 2858880.233564315, 22566.4310, 236
500.0, 2890351.937253618, 17419.1000, 218
500.0, 2625791.9052976673, 31494.9100, 212
500.0, 2677134.877717762, 36845.2300, 220
500.0, 2304340.986116521, 32584.2110, 196
500.0, 2694702.7970759384, 19207.2890, 204
500.0, 2672861.899587839, 26510.7410, 226
500.0, 2541983.372597158, 23215.5710, 272
500.0, 3095896.7889969815, 27034.3430, 230
500.0, 2715390.2883916404, 34739.4010, 242
500.0, 2670027.8723406736, 23397.2790, 208
500.0, 2386379.3872127067, 28094.3450, 198
500.0, 3214243.701905279, 19563.0240, 240
500.0, 2396632.683213412, 20116.2790, 208
500.0, 2803348.3231618586, 25938.1600, 218
500.0, 2434448.9008278837, 28906.3100, 252
500.0, 2957813.634154594, 35710.1310, 226
500.0, 2672315.797967853, 29419.6460, 234
500.0, 3007079.134683888, 21088.0320, 234
500.0, 2195829.073860037, 25025.5320, 218
500.0, 2583071.9296119004, 30543.4430, 236
500.0, 3455983.3669042164, 25064.6860, 260
500.0, 2350067.246404194, 26748.3060, 240
500.0, 2943387.9564788337, 36098.7650, 242
500.0, 2769870.1932755653, 34099.6630, 250
500.0, 3627834.105990437, 26364.9900, 236
500.0, 2443098.878123222, 32603.7670, 224
500.0, 2981028.1774484445, 28518.9610, 222
500.0, 2763908.748697786, 22879.4650, 224
500.0, 2451959.7618117165, 18787.7340, 256
500.0, 2775810.3282602592, 29648.4910, 240
500.0, 2879991.0505156815, 21973.0590, 246
500.0, 2635030.0378322382, 28372.5880, 238
500.0, 3026777.6660066633, 23820.2020, 242
500.0, 2586526.5494513307, 22956.4040, 216
500.0, 2801240.873842959, 21518.8150, 244
500.0, 2854037.821300369, 25447.0760, 220
500.0, 2689748.822847382, 35939.1730, 206
500.0, 2280419.681110079, 30609.1630, 208
500.0, 2454425.595045461, 39025.5220, 226
500.0, 2390830.1978342477, 23674.2350, 218
500.0, 2510398.1971714003, 24066.5550, 184
500.0, 2843567.878777673, 20995.6580, 238
500.0, 2406969.7306943163, 19957.4700, 214
500.0, 2883595.4983619307, 19192.1420, 254
500.0, 2620373.0674067736, 27537.1810, 234
500.0, 2982176.574099569, 24606.4400, 204
500.0, 2697573.689847674, 28320.6730, 242
500.0, 3067443.12199459, 26693.2560, 206
500.0, 2505145.577823457, 27527.2480, 218
500.0, 2565535.0935316896, 32469.1750, 228
500.0, 2835815.3684071936, 30631.1380, 212
500.0, 2782829.9633607934, 28515.2880, 202
500.0, 2569329.7891830597, 22083.0110, 236
500.0, 3093764.417961827, 26227.8590, 238
500.0, 2800795.428769583, 15525.3110, 216
500.0, 2497191.2849798175, 30274.1300, 202
500.0, 2857670.581066172, 32060.9500, 240
500.0, 2860030.257187343, 22523.5150, 230
500.0, 2847607.8210364734, 30592.3940, 240
500.0, 2703592.771468408, 22909.9590, 234
500.0, 2415766.2679280764, 23926.5770, 218
500.0, 3250124.2517209467, 26159.2500, 254
500.0, 3170319.3572204807, 21578.3250, 204
500.0, 3160131.529611436, 23289.4370, 250
500.0, 3354130.1824147874, 31046.4850, 276
500.0, 2750356.8024248583, 27161.7110, 238
500.0, 3396746.408350171, 21752.0430, 236
500.0, 3195460.507367957, 26364.7840, 250
500.0, 3610618.701722982, 30221.2090, 244
500.0, 2816129.7644458907, 25212.4210, 216
500.0, 2752969.439852625, 29966.6130, 236
600.0, 2777911.5008134926, 27659.7970, 242
600.0, 2748495.94953133, 37951.1440, 232
600.0, 3311464.226094518, 40254.0700, 210
600.0, 2414635.265267171, 22525.4250, 214
600.0, 3091102.116588945, 36487.3650, 236
600.0, 3326768.1487498647, 23127.9190, 248
600.0, 3269764.3859106908, 34142.3340, 230
600.0, 3010358.195301944, 31752.4560, 268
600.0, 2683909.2965498944, 33806.2760, 240
600.0, 2410997.638338953, 25035.7570, 210
600.0, 2872704.752602435, 24964.3130, 250
600.0, 3125299.064968728, 22021.0300, 254
600.0, 2871378.157539391, 17879.2010, 226
600.0, 2476665.3384063444, 32531.8640, 252
600.0, 3021727.855158513, 26288.3070, 226
600.0, 2515548.3828591653, 38509.1560, 224
600.0, 2688976.5823136126, 28797.5960, 232
600.0, 2696786.147276695, 38203.8600, 234
600.0, 2952775.981612926, 24195.5180, 236
600.0, 3031189.1062641395, 35401.6250, 246
600.0, 2970916.8714820393, 32858.9250, 238
600.0, 2652077.799036667, 25562.1910, 212
600.0, 2575224.4239608403, 25997.3290, 220
600.0, 2832043.5506980596, 23867.5180, 232
600.0, 3251192.8093118886, 21514.1950, 268
600.0, 2753390.8764083325, 33821.8470, 216
600.0, 3144450.90199467, 23131.9010, 270
600.0, 3019296.69372516, 24270.9990, 236
600.0, 2812576.166547773, 26077.1360, 230
600.0, 2805430.070825565, 25110.5340, 242
600.0, 2833932.0542956474, 18802.2080, 230
600.0, 2250547.408971894, 26809.9850, 236
600.0, 3137254.3551514186, 26608.8560, 232
600.0, 3487173.243468565, 22023.7150, 208
600.0, 2664509.070487662, 30018.8270, 250
600.0, 2686128.989436658, 20438.4750, 238
600.0, 2273271.1861491, 24585.5530, 232
600.0, 3465440.264994757, 23923.0210, 240
600.0, 2638148.806003865, 27664.4330, 228
600.0, 3044931.687978786, 25043.8390, 214
600.0, 2634986.293254859, 24992.2230, 256
600.0, 2731570.0320493146, 23381.7800, 216
600.0, 2639764.524627919, 20878.6980, 220
600.0, 2888490.273044681, 22167.6380, 228
600.0, 2913169.1572072054, 20198.8390, 252
600.0, 3581471.854500845, 46938.3770, 238
600.0, 2999520.8408647007, 28500.9060, 244
600.0, 2914829.023164478, 31618.2450, 224
600.0, 2736662.375498797, 21876.8090, 234
600.0, 2640611.214748491, 36130.5790, 220
600.0, 2840657.629896921, 21728.8660, 200
600.0, 2783480.270875057, 22064.0860, 222
600.0, 3067166.298974241, 34933.8080, 226
600.0, 2953400.1333768745, 27169.2470, 226
600.0, 2750564.1272526076, 21437.9500, 216
600.0, 2563724.4024631153, 20493.7540, 228
600.0, 2604746.97376937, 22827.7300, 216
600.0, 2943387.225315448, 21320.7640, 238
600.0, 2765567.515118776, 23224.3940, 222
600.0, 2511533.1267892625, 28040.1480, 214
600.0, 2721521.0031132493, 27151.8110, 226
600.0, 2834028.3324946677, 29732.6740, 236
600.0, 2757142.2768809227, 23598.8720, 232
600.0, 3134193.7806675434, 32620.4420, 234
600.0, 3078102.3350886446, 37044.3150, 238
600.0, 2746383.2797401, 22608.4690, 210
600.0, 2713881.7243245053, 27170.9040, 206
600.0, 2867897.202362735, 25992.2080, 216
600.0, 2505981.775086393, 22176.4060, 226
600.0, 2833384.3987628287, 28161.4030, 250
600.0, 2802923.533474353, 33111.6250, 240
600.0, 2209802.319671297, 29218.2350, 196
600.0, 2598885.5477945637, 21643.1150, 254
600.0, 2645284.2462909236, 28470.5510, 220
600.0, 3093089.0392038613, 21997.9100, 234
600.0, 2868651.797080801, 29596.9090, 218
600.0, 2471585.7449799394, 24828.4140, 248
600.0, 2268466.043127235, 35395.2740, 198
600.0, 2394964.8722575037, 23056.8910, 206
600.0, 2750303.8246115693, 26315.4010, 232
600.0, 3196036.4360815436, 26318.7700, 238
600.0, 2954984.3361879527, 20398.3870, 260
600.0, 2950398.393056892, 27618.1040, 242
600.0, 2574632.2928085728, 30837.7650, 226
600.0, 2883187.1296853395, 25866.8490, 234
600.0, 2508402.089584041, 19551.0230, 202
600.0, 2838894.440449612, 40349.3910, 230
600.0, 3222133.1794528165, 24122.0040, 262
600.0, 2644760.7930775727, 25133.7610, 230
600.0, 2532463.568306902, 24250.5780, 240
600.0, 2927412.8123965175, 33240.8600, 212
600.0, 2721090.971542648, 27330.4000, 212
600.0, 2449466.7019958715, 30745.5120, 246
600.0, 3180293.4259337406, 29149.4980, 224
600.0, 2952794.3941326397, 30508.5530, 228
600.0, 2954470.6604394335, 26281.4020, 234
600.0, 2631957.849717683, 34612.6580, 232
600.0, 2963795.7739618667, 26583.5670, 200
600.0, 2548829.0659729596, 20373.3690, 210
600.0, 2411369.215417429, 34267.6800, 260
600.0, 2474579.7630471927, 25937.1410, 210
600.0, 3101799.0525679467, 24498.4200, 214
600.0, 2339542.3323499174, 24731.5070, 238
600.0, 3004489.487037725, 23876.4070, 234
600.0, 2750282.2137048347, 42657.4600, 228
600.0, 2433202.017919471, 27645.9470, 228
600.0, 2497332.818190121, 19223.3920, 222
600.0, 2639577.557586729, 33769.0600, 222
600.0, 2934569.6349651697, 36424.7200, 254
600.0, 2446666.9534608326, 29754.5010, 224
600.0, 3342568.2679085224, 26607.7600, 214
600.0, 2511459.0693606613, 23061.1590, 212
600.0, 3607945.367213533, 25392.9460, 230
600.0, 2854975.2534715654, 28147.3900, 212
600.0, 3029355.4235513844, 27349.6170, 208
600.0, 2668985.0499904496, 23508.4590, 216
600.0, 2834307.441652183, 28189.2400, 226
600.0, 2370022.8706770185, 22998.6750, 220
600.0, 3179321.5592584843, 20851.4180, 212
600.0, 2752471.897894535, 21444.0360, 226
600.0, 2291904.7036330164, 22589.4990, 256
600.0, 2317867.6424819673, 19780.1920, 226
600.0, 2814026.090823871, 24349.6920, 212
600.0, 2645473.4551883163, 18425.0260, 214
600.0, 2672988.851432266, 25275.6300, 242
600.0, 2530115.957132197, 30154.0370, 194
600.0, 2899191.2026504874, 18752.3010, 228
600.0, 2644730.7403583, 29563.9340, 220
600.0, 2708795.70599846, 38903.2640, 234
600.0, 2660437.152513589, 30277.0150, 236
600.0, 2361346.86177317, 27292.0070, 212
600.0, 3061426.3330244035, 20269.8570, 222
600.0, 2930403.5909613683, 49787.5020, 242
600.0, 2619923.9409242715, 34835.4770, 232
600.0, 3375019.886481827, 26350.8420, 248
600.0, 3042415.3022653563, 25460.2520, 244
600.0, 3146365.4887340725, 22671.1950, 246
600.0, 2592484.7089993344, 23400.3580, 208
600.0, 2388610.315613531, 20477.2040, 232
600.0, 2825099.4869535207, 16617.3440, 236
600.0, 1733739.5345398593, 19271.8740, 188
600.0, 2287146.7810130366, 31157.6050, 238
600.0, 2922619.076387422, 27960.9870, 216
600.0, 2523842.5325605287, 19737.7550, 234
600.0, 2685931.1769231493, 28848.0850, 240
600.0, 3245645.0294080535, 25415.7080, 238
600.0, 2887120.594262764, 21432.8200, 232
600.0, 2518092.299564162, 23540.6320, 222
600.0, 3141097.029137074, 28365.6970, 204
600.0, 2431496.185363811, 21836.2140, 208
600.0, 2700591.2966377614, 24106.5250, 222
600.0, 2793863.6718246643, 30306.6280, 230
600.0, 2418580.309951798, 23887.4710, 216
600.0, 3184827.764720305, 27167.6350, 230
600.0, 2825937.903630065, 20993.3590, 230
600.0, 2473523.3022652552, 32326.7900, 210
600.0, 2793303.9453774327, 23139.1980, 238
600.0, 2962461.527580248, 45118.1430, 226
600.0, 2680272.1046038074, 28581.4910, 230
600.0, 3276276.291069268, 19292.8030, 234
600.0, 2998436.960330785, 25700.1230, 258
600.0, 2893936.012998084, 23082.2810, 196
600.0, 2656598.091245708, 21080.7590, 218
600.0, 2415104.0225308947, 29196.0020, 210
600.0, 3361424.7856532037, 27930.8410, 228
600.0, 2935457.505871482, 20177.5060, 236
600.0, 2825705.108074061, 31007.1110, 222
600.0, 2990386.4512596605, 22289.0900, 236
600.0, 2569789.5194901126, 24145.1860, 214
600.0, 2944353.876462639, 29956.6440, 240
600.0, 3138211.2795508443, 21437.7970, 216
600.0, 3049818.796314008, 23365.1830, 240
600.0, 3064978.1411048207, 23979.2490, 234
600.0, 2900163.4574792916, 34822.8000, 222
600.0, 3029032.4083482744, 22008.1280, 236
600.0, 2875767.8494116087, 26623.4480, 242
600.0, 3086654.35728211, 26471.5150, 220
600.0, 2991992.267271047, 28908.0060, 226
600.0, 2931824.438350382, 21881.7230, 248
600.0, 3222062.9045749106, 20994.2630, 260
600.0, 2703174.2183855684, 25387.5470, 224
600.0, 2583090.527451589, 42152.1040, 212
600.0, 2900869.1839070553, 26478.6650, 252
600.0, 2980652.221403225, 34380.3240, 232
600.0, 2695166.7500082245, 31141.3890, 234
600.0, 3218921.5431857374, 24388.9550, 254
600.0, 3122010.415464316, 20586.4250, 240
600.0, 2951779.7918850365, 30096.2310, 230
600.0, 3065321.261294677, 28702.5130, 246
600.0, 3314542.564909169, 26258.5340, 246
600.0, 3051974.3889447222, 28238.1210, 266
600.0, 3239862.621662264, 27658.4260, 240
600.0, 2882111.7421912923, 12580.1400, 242
600.0, 2948135.5563334217, 33617.1430, 208
600.0, 2985972.984938488, 13341.4620, 244
600.0, 3106194.8073446676, 29341.3210, 230
600.0, 3020282.6761743636, 23740.0700, 238
600.0, 2532330.0885935486, 16550.6530, 220
600.0, 3284265.93590058, 27050.4150, 232
600.0, 2767518.2784482525, 33817.1940, 224
700.0, 3132386.1499385945, 24673.3620, 218
700.0, 2552569.854406353, 21807.3310, 248
700.0, 2897727.3958495664, 24592.5350, 246
700.0, 3253291.0932261203, 26769.8260, 246
700.0, 2493625.7123038485, 40576.6100, 222
700.0, 2504715.3025431545, 34490.9490, 236
700.0, 2472679.662847468, 23299.5780, 226
700.0, 2413775.231844255, 30959.5100, 212
700.0, 3499528.9046189613, 24142.5040, 234
700.0, 2589707.980471273, 31322.0170, 196
700.0, 2818206.940965178, 19076.1500, 238
700.0, 2834185.898691411, 18437.6710, 220
700.0, 2647293.1339528966, 18805.1260, 214
700.0, 2757042.0638917335, 16735.4780, 222
700.0, 2807213.124893648, 43340.0530, 228
700.0, 2886631.090040497, 19687.1490, 230
700.0, 2869969.2471815306, 22994.5760, 232
700.0, 2743474.195331505, 23832.3840, 270
700.0, 2849429.4875585344, 30190.4190, 248
700.0, 3362635.615129945, 16779.2900, 236
700.0, 2804466.7552829683, 33164.7450, 228
700.0, 3042508.2506011217, 36549.8660, 220
700.0, 2303748.986434144, 25029.1450, 194
700.0, 2871375.9133937466, 27577.3000, 234
700.0, 3110605.4363603834, 21470.2560, 230
700.0, 3175260.7348977528, 27290.9590, 240
700.0, 2750265.3056838303, 27064.7490, 242
700.0, 2868765.538869552, 19187.4980, 238
700.0, 2545757.5761022586, 26089.2980, 228
700.0, 2490626.1903574225, 23423.7170, 214
700.0, 2948333.257710883, 37402.9930, 224
700.0, 2356034.5014714277, 27919.9310, 234
700.0, 2786890.4555767914, 30855.0330, 228
700.0, 2772484.226976886, 24547.2370, 236
700.0, 2774690.724613836, 35549.0800, 232
700.0, 2541805.7582684555, 29562.1250, 234
700.0, 2592524.379507275, 28960.0730, 234
700.0, 2704525.9935237407, 25535.9220, 208
700.0, 2392393.48641576, 21033.9840, 206
700.0, 2907378.9530177666, 27783.3130, 206
700.0, 2735773.081044064, 27291.1700, 214
700.0, 2688933.5381965814, 22905.9700, 244
700.0, 2755926.6393383048, 18901.4770, 216
700.0, 3198210.802345644, 28384.3420, 256
700.0, 2665222.3932737, 29828.6130, 196
700.0, 3051278.963339881, 24503.9130, 220
700.0, 3316968.2394141546, 28957.5590, 246
700.0, 2981021.8915653746, 29334.9160, 274
700.0, 2267707.897419293, 39721.8430, 214
700.0, 2371422.2931897105, 29381.2720, 224
700.0, 2766221.7880268786, 28580.0300, 242
700.0, 2669605.1644360214, 28878.5630, 192
700.0, 2372856.676665994, 24471.3960, 198
700.0, 2804130.774172788, 20599.7020, 210
700.0, 2978375.8791424115, 20989.3830, 218
700.0, 3042386.256467633, 26428.5460, 214
700.0, 2784511.000758497, 27913.9820, 214
700.0, 3153129.0446861684, 18268.1100, 242
700.0, 3506965.351576571, 31944.9160, 226
700.0, 2581234.164064402, 15962.3610, 214
700.0, 3006649.4401814663, 29577.9010, 240
700.0, 3696275.7036068104, 34324.6940, 274
700.0, 2816691.4293320132, 26416.0080, 214
700.0, 2360982.987296572, 25820.0230, 234
700.0, 2838735.818328102, 38876.3950, 202
700.0, 3073645.9847084824, 22133.3930, 264
700.0, 2478900.458427683, 24698.4110, 196
700.0, 3047157.25995773, 28978.5060, 230
700.0, 2635169.5941936984, 31104.6230, 236
700.0, 2993118.4896149533, 40391.1910, 210
700.0, 2791296.8475324977, 20291.2720, 204
700.0, 2852759.217551143, 43029.5940, 244
700.0, 2966109.033430581, 25744.0440, 230
700.0, 2286375.4366993764, 31022.1000, 238
700.0, 2451715.4625847326, 42547.7990, 218
700.0, 3372874.035887716, 27903.2110, 242
700.0, 2566167.6716736276, 25676.7770, 240
700.0, 2908781.10591814, 28551.3010, 224
700.0, 2194947.8158351146, 24591.9030, 184
700.0, 2990476.3018788877, 32576.4950, 192
700.0, 2933732.8320775456, 32364.5650, 276
700.0, 2955927.667061567, 29660.2190, 212
700.0, 2401296.9870035527, 26181.8190, 232
700.0, 2845632.873746959, 29495.0040, 218
700.0, 2259013.810513532, 25198.8120, 194
700.0, 2957308.278359077, 21586.7690, 250
700.0, 2995611.3164660158, 23140.0080, 236
700.0, 3065597.4848453975, 59048.9130, 226
700.0, 2912081.743997199, 22219.1760, 226
700.0, 2269726.871733799, 22511.1070, 236
700.0, 2228937.3231491013, 21153.8420, 186
700.0, 2871030.320793823, 26523.4170, 254
700.0, 2982544.763618464, 35185.4180, 232
700.0, 2386963.943982812, 32515.9190, 232
700.0, 2450878.2680498254, 28525.5720, 226
700.0, 3063475.083093157, 27777.0770, 256
700.0, 2657705.314476986, 22459.4650, 210
700.0, 2962930.522644964, 28437.6260, 244
700.0, 2299405.93370857, 28178.1800, 210
700.0, 2594126.865821988, 26758.3490, 236
700.0, 3284255.303170356, 22503.1060, 234
700.0, 2302495.9451258397, 23608.8570, 212
700.0, 2725897.9712719624, 18056.3860, 242
700.0, 2550245.3897553193, 41674.3320, 216
700.0, 2940107.2889391705, 28278.9680, 288
700.0, 3215190.7466773535, 28794.3730, 244
700.0, 3357112.224237508, 23572.3640, 220
700.0, 3293263.898447918, 24526.3460, 242
700.0, 3093372.1296430896, 21948.2090, 232
700.0, 2389696.88987167, 21748.3700, 258
700.0, 3250106.74040105, 26489.0620, 216
700.0, 2738562.581521559, 26371.5040, 244
700.0, 2948740.4578811475, 32958.1010, 230
700.0, 2671780.2504937775, 34670.7520, 210
700.0, 2529957.9879701477, 22426.2550, 224
700.0, 2333627.194065241, 36176.6710, 240
700.0, 2727644.5271277763, 17292.9370, 228
700.0, 2638168.866230876, 17947.3320, 222
700.0, 2893627.5645792447, 27472.9650, 228
700.0, 2942681.667264761, 22822.3950, 230
700.0, 3008006.9936593925, 23768.0990, 242
700.0, 2570025.7621486364, 26769.6720, 212
700.0, 2698682.607708125, 31611.9960, 242
700.0, 3056386.326887992, 26060.4060, 224
700.0, 2812996.634115275, 23986.6390, 256
700.0, 2636352.8839798877, 22013.8110, 226
700.0, 3161008.4475337015, 22266.3350, 264
700.0, 2371463.4967894955, 27059.7510, 238
700.0, 3432712.0241797604, 27316.4130, 218
700.0, 2829342.2051304276, 23866.5780, 238
700.0, 2758206.457866616, 28630.6480, 230
700.0, 2415862.8051725207, 19418.9330, 228
700.0, 2436206.011552395, 23434.4710, 242
700.0, 2663008.2277430454, 22693.8930, 232
700.0, 2739565.5832637865, 33228.9040, 224
700.0, 3266884.4523889585, 26509.6370, 268
700.0, 2428744.5637088367, 18716.0650, 226
700.0, 3005692.842524835, 23671.3910, 224
700.0, 2505366.6738734953, 25644.0270, 216
700.0, 2641702.176252914, 29839.6100, 240
700.0, 2328347.2730266857, 24521.5040, 220
700.0, 2164287.9033859717, 31377.2920, 208
700.0, 2478419.42473528, 26758.1030, 244
700.0, 3406376.0302664256, 30122.9180, 252
700.0, 2396781.022183268, 31372.1810, 210
700.0, 2705126.596607295, 22297.8600, 222
700.0, 3034048.1623073737, 32837.7410, 250
700.0, 2839015.9444540157, 22210.9720, 232
700.0, 2776329.074841097, 22486.2230, 234
700.0, 2997713.9881542083, 18456.7820, 246
700.0, 2916493.3439411754, 33789.1130, 206
700.0, 2661761.2816790426, 26271.2770, 204
700.0, 2867541.2412728556, 23707.3740, 226
700.0, 2984703.845145479, 36487.0530, 260
700.0, 2889407.136761566, 24823.2700, 230
700.0, 2904977.6999572357, 34328.1740, 226
700.0, 2433879.3341546836, 19330.6050, 212
700.0, 2744963.2839011564, 27195.1450, 216
700.0, 2746117.3153295834, 20348.8240, 230
700.0, 2713133.306038048, 21465.3340, 222
700.0, 2214436.100518328, 27876.4890, 200
700.0, 2876767.1311264182, 30221.3710, 232
700.0, 3093469.2702018158, 22313.0220, 226
700.0, 2604261.096095516, 32676.7500, 194
700.0, 2978568.343580015, 28064.1590, 240
700.0, 2589357.8527626214, 23869.3240, 226
700.0, 2862765.123636843, 37969.0260, 228
700.0, 2172438.676800293, 29182.6980, 238
700.0, 2739766.886038156, 26305.0020, 246
700.0, 2705433.9667709996, 40230.3630, 228
700.0, 2925766.5649743336, 36507.4230, 232
700.0, 3072416.5441343472, 23592.3470, 252
700.0, 3197519.9668866117, 19216.2690, 230
700.0, 3470644.469004704, 19333.7980, 248
700.0, 2720231.5486201607, 21614.5350, 234
700.0, 2247744.2404309376, 20895.1210, 214
700.0, 2438126.9202326634, 30755.1990, 212
700.0, 2235527.4926417116, 30664.3000, 216
700.0, 2959396.9602105147, 30635.8590, 218
700.0, 3038427.7476233137, 22646.2490, 262
700.0, 2713718.289884105, 32858.9320, 184
700.0, 2920926.9482675353, 31576.6620, 204
700.0, 3056087.4748152867, 30295.1120, 218
700.0, 2442517.2315240516, 27417.6900, 204
700.0, 3481690.0616080468, 24951.5320, 258
700.0, 3034010.31361515, 37137.4110, 244
700.0, 2336137.008795725, 22913.1260, 220
700.0, 3308898.1724224254, 25540.3080, 208
700.0, 3185558.1484034336, 25304.3100, 250
700.0, 2671470.7941772, 21092.3700, 232
700.0, 2671273.2325421376, 28334.3290, 240
700.0, 2190526.1322743245, 25052.2800, 196
700.0, 2772935.680591029, 27705.6500, 220
700.0, 2716267.888580025, 27371.0390, 234
700.0, 2562862.0107936566, 26818.5830, 218
700.0, 3090931.309934045, 22706.7990, 260
700.0, 2709057.171019847, 20902.1450, 230
700.0, 3796451.9507919815, 28724.3240, 250
700.0, 2956625.962627502, 25826.3190, 240
700.0, 2933856.9171819626, 28364.7950, 230
800.0, 3765731.3910887423, 33204.0530, 250
800.0, 3052632.0708306143, 24589.6850, 238
800.0, 2526171.360838683, 25625.6270, 242
800.0, 2892772.3983311686, 22236.8400, 242
800.0, 2658432.7897778163, 18007.0100, 224
800.0, 2767661.671060484, 24849.4930, 226
800.0, 2959898.926179898, 32221.2060, 260
800.0, 2683573.383868847, 21743.8530, 218
800.0, 3114347.074398861, 20187.7310, 252
800.0, 3594250.1696308623, 26755.1080, 242
800.0, 2594738.7946964526, 29665.5830, 218
800.0, 2954097.8823291115, 16734.0090, 248
800.0, 3096691.4005094925, 27308.7250, 236
800.0, 2945804.730957221, 35722.5290, 216
800.0, 2509340.5672623958, 15527.3080, 206
800.0, 3134463.498556919, 25873.4720, 240
800.0, 2920266.7682092716, 25021.1280, 212
800.0, 2700458.7218568586, 30557.4650, 232
800.0, 2930794.3981252015, 25898.7830, 220
800.0, 2648786.9107280523, 29054.0020, 232
800.0, 2756239.5829217555, 22264.2110, 264
800.0, 2431993.5278971563, 22632.7600, 202
800.0, 2595858.9581460995, 21872.7410, 218
800.0, 2530193.0012244238, 17990.7310, 212
800.0, 3036429.278158643, 18380.9380, 226
800.0, 2523694.265206769, 26728.8160, 228
800.0, 2304635.002465597, 33251.3990, 220
800.0, 3033755.699479868, 31759.7840, 214
800.0, 2669704.3993221843, 29468.0700, 224
800.0, 2411562.5975283054, 24005.1270, 234
800.0, 2614511.937369861, 25836.7830, 214
800.0, 2813132.5144234877, 21541.9460, 210
800.0, 2157387.4820054863, 25954.4430, 208
800.0, 2739220.039523959, 20625.8360, 224
800.0, 2111010.1441318267, 15853.7770, 194
800.0, 2592882.457908111, 32689.0120, 240
800.0, 3147494.589249771, 24951.3700, 206
800.0, 2955180.784567958, 27972.1710, 240
800.0, 2564197.6078693946, 20609.3360, 222
800.0, 2821310.987883767, 24685.0240, 246
800.0, 2669656.674362417, 35632.8130, 244
800.0, 3294218.2001642506, 52973.7890, 226
800.0, 2899117.5848193, 35098.9420, 228
800.0, 2489066.362758385, 31799.7950, 204
800.0, 2908934.9297214965, 15571.6000, 250
800.0, 2845777.2506254856, 22606.1580, 250
800.0, 2551808.265862392, 26891.9680, 216
800.0, 2778441.557817781, 29150.0770, 222
800.0, 2484646.4426013012, 23243.9740, 242
800.0, 2915386.7227316694, 25654.7090, 256
800.0, 2459856.87589836, 20374.7440, 222
800.0, 2590776.83758818, 28144.9180, 232
800.0, 2708320.7231540103, 42401.3320, 230
800.0, 2612043.456392205, 25669.3160, 196
800.0, 2819004.83036966, 26106.1480, 234
800.0, 2581578.1856714035, 17881.7620, 206
800.0, 2488728.0859281905, 21502.0250, 256
800.0, 2487081.3089795974, 19433.6970, 228
800.0, 2983588.3339093807, 35077.6380, 228
800.0, 3106004.5541530405, 19032.2310, 226
800.0, 2971401.1355210925, 29959.8850, 216
800.0, 3347780.263222804, 36464.1460, 240
800.0, 2908796.1382796494, 34253.4220, 212
800.0, 3047330.892640238, 15464.4400, 248
800.0, 2789708.443562046, 31693.1500, 230
800.0, 3359068.1929872725, 14944.2940, 228
800.0, 2887131.8698718646, 29128.9640, 236
800.0, 2941502.8026329665, 27746.6160, 200
800.0, 2812594.008596649, 30225.6390, 204
800.0, 2998595.1311442214, 21014.9160, 226
800.0, 2670749.894551171, 35758.1970, 224
800.0, 2811746.0901847677, 31470.7320, 202
800.0, 1900057.5373480585, 25026.5890, 194
800.0, 2888323.9879926634, 24769.5030, 246
800.0, 2489515.870697989, 25862.5980, 230
800.0, 3038565.807219436, 32643.5050, 232
800.0, 2518662.0243704123, 20224.4140, 212
800.0, 2686583.512765359, 17914.3260, 210
800.0, 2760545.331158061, 43455.9570, 216
800.0, 2638377.1902837763, 29842.3870, 256
800.0, 3155555.903129794, 21570.5890, 246
800.0, 3092408.7867313996, 23699.8000, 228
800.0, 3510437.562650237, 24621.6820, 242
800.0, 2922153.7409559214, 26219.3380, 238
800.0, 2943709.7587647694, 20606.2710, 248
800.0, 2665021.678738551, 27883.8620, 220
800.0, 2734666.966180375, 27787.3370, 228
800.0, 2910256.9869793407, 28806.8050, 234
800.0, 2688764.050631754, 29516.0110, 242
800.0, 2869682.6469825315, 26203.6370, 224
800.0, 2384944.641668039, 42144.6900, 240
800.0, 3290967.346258071, 34215.2250, 266
800.0, 2340440.84262206, 30721.1800, 222
800.0, 3055361.4448658517, 34865.1050, 230
800.0, 2591004.194764711, 26730.6850, 238
800.0, 3097011.967705354, 20514.7400, 254
800.0, 2647297.3759297323, 26618.2980, 238
800.0, 2721577.912869034, 33442.3220, 232
800.0, 2841457.977032584, 22901.3900, 242
800.0, 2734248.966386126, 15673.9080, 232
800.0, 2796755.640124608, 29495.3850, 218
800.0, 2606541.8982258863, 27686.7960, 220
800.0, 2818779.5031659454, 25890.9820, 230
800.0, 3050835.7922141943, 22692.7550, 214
800.0, 2792322.7132556234, 27538.3450, 242
800.0, 3376553.2231655414, 29428.5570, 248
800.0, 2754409.8833485274, 21503.0380, 244
800.0, 2400188.2248491105, 24333.6670, 240
800.0, 2595099.369170732, 41725.0840, 226
800.0, 3185512.974731095, 36589.9150, 240
800.0, 3142271.0655790595, 31950.8100, 236
800.0, 2995889.6662240503, 30309.7460, 254
800.0, 2787411.6707412, 23007.8640, 234
800.0, 2774869.6858379915, 38524.2820, 208
800.0, 3089855.4315791135, 32526.8660, 224
800.0, 3120078.1426640176, 28153.1970, 220
800.0, 2855600.107265521, 34591.2300, 246
800.0, 2791130.423839781, 20214.7550, 246
800.0, 2803697.140438448, 21258.8660, 212
800.0, 2559030.1539354706, 27677.3860, 218
800.0, 2747939.148914691, 19285.7090, 236
800.0, 2616731.4321893305, 30895.9350, 234
800.0, 2877256.503514153, 26416.8990, 252
800.0, 2824583.3489136053, 34983.5000, 264
800.0, 2818236.2468609214, 22743.6180, 212
800.0, 2630743.0756724044, 30656.1340, 264
800.0, 2755028.699524869, 23432.5510, 230
800.0, 2991327.165114793, 23698.6970, 260
800.0, 2798669.5229094243, 39488.6130, 210
800.0, 2601659.6490924596, 28841.4120, 228
800.0, 2875933.2753664954, 26279.2960, 238
800.0, 2884065.8983354024, 28226.2080, 174
800.0, 2671831.838463037, 18346.2500, 232
800.0, 2770735.325230375, 25298.3130, 244
800.0, 3003290.117646718, 29099.5660, 248
800.0, 2498830.459511256, 29171.4560, 214
800.0, 3035684.571807238, 23592.0880, 268
800.0, 2745638.4167632926, 29224.2400, 226
800.0, 3063986.187942292, 27097.8830, 256
800.0, 3066157.240183531, 36672.3960, 210
800.0, 2985378.1805734667, 21109.3920, 250
800.0, 2432706.943570104, 27473.9490, 220
800.0, 3162281.8255091608, 19248.2120, 212
800.0, 2758674.8251609514, 28190.3770, 232
800.0, 3448597.4699671674, 26185.3340, 236
800.0, 3030193.7408439936, 29052.3060, 254
800.0, 2892179.4756986806, 28833.2850, 208
800.0, 2846526.768129449, 18568.5070, 234
800.0, 3109034.4460414215, 25375.1350, 236
800.0, 2488183.8406422716, 23698.7110, 216
800.0, 3289080.1096024173, 22200.0270, 258
800.0, 2762913.9126767977, 21445.3930, 208
800.0, 2571160.893638474, 22357.9660, 210
800.0, 2773782.44695927, 19215.3050, 220
800.0, 3013620.1337782056, 40034.5520, 254
800.0, 2646634.859504852, 34673.5250, 250
800.0, 3398923.405558523, 22392.8860, 230
800.0, 2800555.3711242927, 39174.3940, 228
800.0, 3075709.448232807, 25692.1300, 206
800.0, 2780516.6763058677, 34339.0200, 240
800.0, 2520506.2016122197, 25632.0410, 224
800.0, 2832490.4995386405, 35463.3670, 224
800.0, 3260573.2591508604, 21635.6130, 244
800.0, 2675816.262715199, 13749.7410, 230
800.0, 2648933.2353041545, 30750.4470, 228
800.0, 2987337.816892279, 29632.8500, 214
800.0, 2751529.0995686883, 21637.2140, 210
800.0, 2804120.0495480513, 18277.3520, 244
800.0, 3410874.0405558185, 24200.2730, 246
800.0, 2994044.464768632, 35260.4160, 240
800.0, 2630925.9476504046, 21362.1910, 222
800.0, 2665401.174197884, 20715.6090, 214
800.0, 2935775.7340572947, 28126.7130, 224
800.0, 3045190.8045086064, 31461.7680, 242
800.0, 2966702.720437688, 28137.6590, 218
800.0, 3381745.8251954243, 26308.2370, 232
800.0, 2985690.328599917, 29776.6070, 242
800.0, 3112951.4404811137, 25281.6450, 246
800.0, 2262753.3265534705, 22567.4940, 226
800.0, 2752304.304623636, 23878.9030, 240
800.0, 3416260.2673259396, 33148.3550, 260
800.0, 3296796.130994688, 24426.8620, 244
800.0, 2550578.129145396, 23830.9560, 226
800.0, 2661324.861617967, 22811.9640, 202
800.0, 2668879.8796744617, 31294.0470, 202
800.0, 2796645.5965404594, 19947.2730, 222
800.0, 3000750.847385812, 36216.3780, 234
800.0, 2854658.3263457576, 20489.4110, 228
800.0, 3843457.174297595, 20471.8410, 250
800.0, 2587892.806858961, 21437.5520, 220
800.0, 2390556.380792041, 24683.8990, 220
800.0, 2672706.836621412, 37667.8280, 232
800.0, 2508501.6760329683, 34046.5260, 224
800.0, 2754322.43034531, 22988.2360, 240
800.0, 2688914.634265104, 21414.7840, 224
800.0, 2574399.353164051, 27283.6040, 250
800.0, 2394683.2974692127, 22217.8100, 186
800.0, 2803328.4879242065, 26299.9530, 218
800.0, 2469743.0013318057, 24429.0470, 188
800.0, 3868288.2404785096, 16395.5710, 228
900.0, 2715164.7798910844, 18484.6840, 230
900.0, 2588432.8448451245, 22225.8520, 198
900.0, 2993501.8089749655, 29936.6810, 250
900.0, 2991119.424837659, 30287.7310, 228
900.0, 2588811.2782195266, 24117.3860, 214
900.0, 3018127.330376713, 35263.3160, 232
900.0, 2670425.625273686, 29867.0400, 208
900.0, 2550395.666463589, 21330.6260, 216
900.0, 2556063.124288822, 31847.1270, 250
900.0, 2777662.7482249313, 39143.2710, 242
900.0, 3226818.3950541513, 27593.3780, 250
900.0, 2610879.6461973395, 40296.8970, 232
900.0, 2704924.5295587475, 19612.9070, 222
900.0, 2960099.6842246326, 41507.9270, 238
900.0, 2785416.0835628505, 23199.7900, 224
900.0, 3027163.9505552696, 23696.7370, 242
900.0, 3253401.645554801, 24550.1240, 248
900.0, 2604061.9632036327, 24517.9810, 244
900.0, 3113113.8807139806, 27401.2340, 234
900.0, 2768291.80963605, 24985.7170, 218
900.0, 2328811.313562751, 27381.6060, 240
900.0, 3092210.42405469, 21117.7610, 258
900.0, 2905856.3908449616, 21889.5530, 226
900.0, 2645619.9871006687, 29512.4430, 228
900.0, 3028290.860835458, 31972.3400, 220
900.0, 3028460.9826089996, 38976.6360, 250
900.0, 2468414.541212848, 16537.0340, 244
900.0, 2976662.015198854, 32624.1440, 234
900.0, 2989954.210293561, 28853.2490, 226
900.0, 3255555.465332992, 25817.3610, 280
900.0, 3170304.1585653224, 37189.8570, 254
900.0, 2453348.0762978285, 22682.4740, 216
900.0, 2867096.069497541, 19998.5590, 222
900.0, 3339881.383989412, 27860.2110, 204
900.0, 3228706.108109571, 20612.8050, 244
900.0, 2618007.763981568, 31369.4040, 236
900.0, 3102254.497021522, 21192.0450, 226
900.0, 2597806.709422627, 29071.0400, 242
900.0, 2945070.713813809, 20446.1670, 224
900.0, 2818840.32236163, 22149.9040, 196
900.0, 2298846.055191875, 25153.5130, 236
900.0, 2498825.6830207785, 34394.0910, 250
900.0, 2746906.1581778275, 22915.4960, 254
900.0, 2306453.2662624703, 24285.0880, 202
900.0, 3034493.0595631334, 33069.7260, 232
900.0, 3128156.145061079, 37557.3200, 246
900.0, 2815432.8606892377, 44123.8040, 226
900.0, 3033263.7132971776, 36445.9960, 214
900.0, 2616983.0416914443, 23456.8610, 230
900.0, 3063855.761567558, 18746.4480, 254
900.0, 2548874.1293577654, 21339.6990, 220
900.0, 2468694.2732199254, 31370.7120, 212
900.0, 2844604.4813047727, 27111.2010, 238
900.0, 2547268.8615562334, 30943.7870, 222
900.0, 2569896.7846812746, 34086.8820, 234
900.0, 3370149.8278120095, 23772.4080, 232
900.0, 3112826.3004208957, 29048.6410, 240
900.0, 2628417.1351282396, 29014.3490, 238
900.0, 2361385.1833997844, 24231.7280, 230
900.0, 2724105.8024642724, 21419.6910, 210
900.0, 3152206.548832203, 27488.2380, 244
900.0, 2474398.51965018, 21608.2010, 222
900.0, 2470966.7202989697, 19699.8520, 244
900.0, 2676072.4237377374, 22765.3790, 214
900.0, 3280788.6856896766, 30681.9310, 248
900.0, 2547030.9121058616, 14154.6330, 222
900.0, 3387859.323705546, 37999.1470, 270
900.0, 2977347.5771916206, 21992.3280, 222
900.0, 2785656.845123991, 20411.3470, 234
900.0, 3391371.0176787535, 27030.4390, 244
900.0, 2675223.2091266024, 30873.3720, 202
900.0, 3005980.907867371, 20321.4610, 236
900.0, 2892918.189825354, 31701.4880, 214
900.0, 2891858.6287890635, 23564.2080, 212
900.0, 2703769.7883003755, 21483.8270, 236
900.0, 2770299.5324273165, 26266.9930, 228
900.0, 2848745.7052959646, 28837.0570, 232
900.0, 3042438.0629465585, 28395.3480, 242
900.0, 2535748.7156620156, 31573.2840, 238
900.0, 2912691.1993268514, 21968.5100, 250
900.0, 2889016.070702584, 36319.2170, 258
900.0, 2638905.888120509, 23139.9470, 244
900.0, 2160021.7428436214, 22283.2510, 190
900.0, 3223209.075167878, 23440.3050, 242
900.0, 2485280.3532117754, 31743.5900, 240
900.0, 3390215.7273011752, 33278.9620, 230
900.0, 2565581.7211060445, 29169.0420, 210
900.0, 2368352.1581153134, 23240.7100, 216
900.0, 2146402.466517922, 31609.1160, 214
900.0, 2991320.6385993767, 32794.6640, 256
900.0, 2840676.4999371017, 25077.2880, 232
900.0, 2386952.75745083, 20759.8370, 220
900.0, 3018554.2019438534, 26790.1550, 236
900.0, 2568782.370866327, 26087.1420, 228
900.0, 3058545.2396042426, 26560.6720, 236
900.0, 2496224.189632495, 22210.3690, 204
900.0, 2901466.2554761022, 31863.7740, 210
900.0, 2986259.752723905, 30427.4070, 226
900.0, 2661879.3513401896, 22090.9590, 214
900.0, 2771026.6890618526, 24914.9600, 254
900.0, 2673364.5495239194, 22661.1800, 252
900.0, 2501010.3315766975, 22214.4220, 260
900.0, 2422618.5924363295, 19999.9180, 218
900.0, 2898102.6855193567, 24165.2050, 212
900.0, 2558870.516849189, 23634.3020, 236
900.0, 2990577.658471395, 28764.3650, 224
900.0, 2589696.9735659687, 32107.1970, 248
900.0, 2654961.916012131, 29798.7310, 224
900.0, 2617999.3091908153, 22518.9990, 220
900.0, 1960729.8649503377, 26412.7490, 218
900.0, 3374530.393453611, 14384.5410, 250
900.0, 2601115.6238717544, 19415.1800, 218
900.0, 3134359.297230916, 30328.1350, 248
900.0, 2929981.678166221, 33936.7920, 230
900.0, 2778064.6637879116, 26763.3370, 196
900.0, 2784317.908231117, 21324.4530, 278
900.0, 3109475.0881665563, 25537.4740, 228
900.0, 2841970.668381245, 33008.9920, 220
900.0, 2037860.206509257, 25585.9380, 192
900.0, 3331758.236730173, 31614.1840, 226
900.0, 2414674.313755085, 26618.0380, 232
900.0, 2994048.4727650704, 22614.4250, 244
900.0, 2656254.9955143477, 27850.3030, 198
900.0, 2381821.4313919097, 22616.2260, 228
900.0, 2955286.7700783657, 24202.5930, 248
900.0, 2648344.9876287035, 22533.7970, 210
900.0, 2217995.616889321, 16358.3460, 224
900.0, 3254482.2024451564, 30145.8030, 236
900.0, 2493639.214323199, 30776.7960, 226
900.0, 2675156.4118514215, 26873.5930, 236
900.0, 3288358.819567987, 26383.5830, 246
900.0, 2827784.9088072535, 18082.6210, 228
900.0, 2745053.856115959, 13747.6230, 202
900.0, 2805039.368328627, 21705.4340, 224
900.0, 2757102.086809559, 26455.0600, 226
900.0, 3102530.0004704096, 27371.0190, 206
900.0, 2962167.8882686966, 31455.0740, 250
900.0, 2638519.859336747, 18578.4550, 216
900.0, 2844672.1171320425, 34685.3900, 216
900.0, 2969691.4096197374, 44505.3100, 208
900.0, 2555073.820199932, 26387.7100, 240
900.0, 3158649.5581676676, 27886.2850, 210
900.0, 2471534.9439718984, 31205.7790, 234
900.0, 3345621.8649224644, 18450.0490, 236
900.0, 2962892.970894794, 24813.7680, 218
900.0, 2843819.3382587656, 16227.3590, 222
900.0, 2131741.427753996, 31086.7580, 230
900.0, 2561415.502859853, 22281.4860, 258
900.0, 2644268.3738356302, 24976.3850, 264
900.0, 2952957.468303771, 26471.1570, 220
900.0, 2310579.784944066, 23860.2930, 232
900.0, 3076052.1044415957, 17373.9230, 260
900.0, 3027468.526750451, 31353.9790, 248
900.0, 3069435.5491300817, 20014.5300, 236
900.0, 2653961.870515468, 35201.3010, 250
900.0, 2670152.119845313, 25076.3470, 212
900.0, 3212919.0701707858, 22113.5720, 234
900.0, 3006765.205386284, 18152.9680, 228
900.0, 2708522.807469757, 20499.1670, 230
900.0, 2659566.29418899, 28037.7400, 238
900.0, 2652157.707641357, 49420.1750, 250
900.0, 2512501.9813734344, 26954.1920, 222
900.0, 3070402.4995832723, 13684.6750, 238
900.0, 3048050.434706732, 27663.5810, 242
900.0, 2786789.2330407724, 29448.5410, 228
900.0, 3053476.4866281976, 34867.8060, 248
900.0, 3154513.6515006125, 19753.2620, 264
900.0, 2997577.0603914834, 27571.0510, 216
900.0, 2606894.9314312395, 36807.4870, 208
900.0, 3270137.9573752475, 28372.5320, 262
900.0, 2723982.6737430827, 40500.1840, 202
900.0, 2763428.494112863, 29914.3330, 228
900.0, 2453572.814676553, 27941.1750, 182
900.0, 3099282.40028493, 28054.6840, 232
900.0, 2791267.9022136237, 24712.1560, 262
900.0, 3286607.722728558, 20611.2720, 248
900.0, 2699293.297070747, 27005.1850, 226
900.0, 2185038.239578569, 25321.2270, 220
900.0, 2627481.122496912, 23708.0910, 224
900.0, 2729167.79987665, 24121.2270, 260
900.0, 2685161.586874862, 27155.8600, 224
900.0, 3148814.836878448, 27656.9890, 222
900.0, 2775643.70816631, 20870.1560, 244
900.0, 2458645.133812853, 17587.3450, 214
900.0, 2730653.8201932563, 21074.7160, 226
900.0, 3455839.6840494936, 23947.8770, 262
900.0, 2487992.9964546743, 33226.4520, 230
900.0, 2674872.2497149436, 27431.6050, 222
900.0, 2758573.1423317115, 24783.9430, 224
900.0, 3048485.829707623, 25808.9140, 236
900.0, 2502638.0789451916, 26876.2530, 224
900.0, 2708504.046004492, 23792.9470, 216
900.0, 3016922.250637296, 24200.7270, 248
900.0, 3165004.3517816537, 22231.9690, 258
900.0, 2628429.2524829214, 35364.7060, 232
900.0, 2627038.0507881935, 18419.0360, 232
900.0, 3112552.687818094, 23855.6270, 248
900.0, 2473342.5806961427, 26677.7140, 208
900.0, 3233418.6672032643, 25088.3200, 220
900.0, 2743872.016847182, 29131.5940, 244
1000.0, 2878004.583806014, 31367.4100, 218
1000.0, 3221323.7466433137, 18339.4680, 218
1000.0, 2443560.339915057, 16753.7670, 200
1000.0, 3128397.957511286, 26921.9880, 234
1000.0, 2711016.0759348935, 36616.7070, 236
1000.0, 2877194.6334766257, 24970.3510, 200
1000.0, 3080116.616701824, 27018.3880, 210
1000.0, 2889256.3851622036, 18676.6860, 248
1000.0, 2616390.3960125116, 17185.9560, 226
1000.0, 2794931.7728628316, 25271.6760, 264
1000.0, 2441763.7343947273, 20547.0770, 244
1000.0, 2798141.855432166, 25796.8520, 230
1000.0, 3126481.8504002024, 24363.9760, 240
1000.0, 2907412.3369602696, 29152.7000, 214
1000.0, 2638786.266983575, 22587.2300, 232
1000.0, 2412417.0115776057, 28204.6740, 222
1000.0, 3020968.824876753, 25792.2780, 204
1000.0, 3022341.052061433, 29106.2690, 246
1000.0, 2521594.832472898, 30610.5580, 204
1000.0, 2289009.492297938, 24580.0520, 234
1000.0, 2912831.094611144, 26585.7310, 242
1000.0, 2459842.710074475, 23086.2070, 212
1000.0, 2644185.1225002846, 29605.7690, 236
1000.0, 3456103.394806599, 47773.6190, 246
1000.0, 3060335.4070444563, 24877.8950, 222
1000.0, 2982268.630134941, 19116.8840, 250
1000.0, 2981298.5833389424, 17343.1010, 246
1000.0, 2703578.62798461, 20603.2550, 220
1000.0, 2794181.6674374556, 24313.1390, 226
1000.0, 2859464.7673127167, 36301.3400, 256
1000.0, 2911868.279168153, 20835.2480, 242
1000.0, 2943799.0658538225, 24912.5810, 242
1000.0, 2917226.1020147996, 38436.0530, 216
1000.0, 2934649.520530705, 34834.7540, 242
1000.0, 3179487.122687684, 23005.3520, 216
1000.0, 2975053.695594299, 22128.0580, 234
1000.0, 2865019.3137711943, 27213.0490, 220
1000.0, 2760006.0704772244, 28181.9150, 224
1000.0, 2792080.9700159617, 28344.1460, 192
1000.0, 2837842.2437837874, 21268.9330, 238
1000.0, 2725669.4177846797, 37980.9920, 248
1000.0, 2519676.3058719435, 26462.5570, 240
1000.0, 2554464.222527498, 37995.4920, 206
1000.0, 2222665.16449393, 22879.9260, 206
1000.0, 2656632.479867746, 29964.8430, 230
1000.0, 3075714.3663241817, 20704.9360, 246
1000.0, 2962374.6103452053, 25139.3930, 254
1000.0, 2957173.3476200476, 21889.1410, 256
1000.0, 2313579.0387585247, 24576.7570, 248
1000.0, 3105276.3546730233, 29670.3180, 256
1000.0, 2691619.0131512987, 27336.3530, 242
1000.0, 2624542.401393709, 17996.0390, 226
1000.0, 2498520.356216763, 24572.8640, 254
1000.0, 2839579.3875522977, 23735.5440, 200
1000.0, 2786576.019379868, 37741.8830, 242
1000.0, 3302368.0550943427, 18156.2830, 234
1000.0, 3271993.6663922216, 28224.7080, 208
1000.0, 2776562.5146097587, 28020.6210, 246
1000.0, 2858925.687831785, 21821.2080, 260
1000.0, 3305991.1093784478, 27516.7390, 278
1000.0, 2384022.7646925217, 21819.3350, 224
1000.0, 2782575.4698825926, 23710.2520, 236
1000.0, 2656766.046454829, 29003.5330, 270
1000.0, 2935153.271835544, 17808.1740, 226
1000.0, 2472024.1290182397, 27999.4940, 228
1000.0, 3298018.834221894, 33118.9570, 222
1000.0, 2895694.8965458823, 14494.4640, 222
1000.0, 2461592.8059916543, 27224.2090, 218
1000.0, 2840264.5466478444, 20561.3050, 244
1000.0, 2815067.877846166, 23429.5810, 226
1000.0, 2260849.0143499137, 22190.1220, 216
1000.0, 2491247.2011485584, 25139.6450, 224
1000.0, 2905330.496513302, 31698.3600, 250
1000.0, 2619501.5147164017, 32314.2850, 216
1000.0, 3252439.8501003864, 25097.1960, 226
1000.0, 3189943.3102879967, 17192.9610, 248
1000.0, 2918243.3766284175, 44901.9710, 250
1000.0, 3398311.1245647594, 19052.1090, 238
1000.0, 3358932.823960334, 23761.0460, 234
1000.0, 2595021.248324206, 25162.0980, 238
1000.0, 3078404.296016324, 25237.1600, 228
1000.0, 2545147.6408190136, 25784.6290, 210
1000.0, 2889882.317250567, 15280.0200, 198
1000.0, 3016643.4630885045, 20541.7080, 246
1000.0, 3159797.510740261, 25465.5290, 234
1000.0, 2819993.6995427883, 19903.8030, 266
1000.0, 2695541.6699079745, 30908.4400, 230
1000.0, 2413633.8384096962, 37025.6780, 248
1000.0, 3122333.8839339158, 25163.1260, 236
1000.0, 3138263.452468996, 28718.4580, 240
1000.0, 3024971.1328735813, 21167.9950, 248
1000.0, 3038505.3708025906, 28205.5820, 248
1000.0, 2583097.5913809408, 24225.0190, 222
1000.0, 2564103.746539426, 28152.3310, 212
1000.0, 2482060.404725728, 26669.7070, 214
1000.0, 2344184.234924791, 34518.1210, 202
1000.0, 2786248.347538714, 21068.8630, 226
1000.0, 3736636.2384977853, 30015.1800, 236
1000.0, 2697038.769752714, 23432.9050, 260
1000.0, 2641440.965861107, 29294.2280, 216
1000.0, 3031501.1681292495, 26411.6820, 240
1000.0, 3061451.0517362007, 30733.6530, 234
1000.0, 3103233.0283425543, 31227.5110, 240
1000.0, 2706970.970015157, 22350.1910, 236
1000.0, 2938158.923478347, 22896.4780, 244
1000.0, 2245642.7987906244, 36979.1880, 210
1000.0, 2821204.220404028, 26431.8320, 252
1000.0, 2724235.208894181, 29619.4360, 226
1000.0, 3154081.1314951596, 19097.9460, 242
1000.0, 2701066.6803544136, 38364.1750, 244
1000.0, 3228203.146206991, 27617.2700, 248
1000.0, 3075763.8596262233, 23583.4580, 232
1000.0, 2504931.8550391286, 35574.2040, 248
1000.0, 2435950.0641740984, 22691.5400, 234
1000.0, 2660367.494433245, 29741.5240, 198
1000.0, 2384323.3102875627, 22696.1270, 226
1000.0, 2970813.506110395, 25275.7640, 282
1000.0, 2839972.531507595, 29691.3800, 218
1000.0, 2577298.1677366816, 23451.0690, 204
1000.0, 2779033.4581600693, 28581.0510, 260
1000.0, 2732190.5120070204, 35450.9720, 236
1000.0, 3148223.3557655234, 14111.8200, 220
1000.0, 3186900.8866669475, 25372.0930, 244
1000.0, 2676760.353016923, 29939.8670, 224
1000.0, 2284913.555066779, 27953.8410, 212
1000.0, 2266368.1600833903, 26076.5600, 216
1000.0, 3071358.9790722076, 30254.1930, 238
1000.0, 2208798.0692819734, 37489.3830, 192
1000.0, 3061815.4365894836, 28316.2860, 230
1000.0, 2851216.7080552867, 16667.5410, 198
1000.0, 3188666.628245421, 30301.6060, 228
1000.0, 2336054.174003219, 22782.5110, 204
1000.0, 2872036.7387317317, 25253.6530, 228
1000.0, 3373888.858655792, 40746.9220, 256
1000.0, 2660531.485339627, 40173.1050, 202
1000.0, 3287101.1345857843, 28364.6130, 238
1000.0, 2511982.122017766, 38439.1250, 222
1000.0, 2973554.644266953, 34393.1680, 218
1000.0, 2666886.0713973944, 25315.1180, 236
1000.0, 2811484.6454406837, 33492.7080, 242
1000.0, 2697197.9826136795, 29196.4990, 230
1000.0, 2610159.6975134984, 25871.0150, 234
1000.0, 3065027.3775342396, 37424.9430, 266
1000.0, 2817634.817418059, 25983.9190, 214
1000.0, 2446056.072848616, 30900.1590, 210
1000.0, 3275904.6007983345, 14535.2300, 262
1000.0, 3159205.4217151166, 26656.3640, 232
1000.0, 2850854.2875740244, 25483.6800, 246
1000.0, 2934778.423462748, 33756.5890, 194
1000.0, 3082187.0820175256, 31681.6970, 234
1000.0, 2708789.680541887, 24676.2060, 234
1000.0, 2272635.5304452563, 20493.7320, 198
1000.0, 2306650.7853721995, 27484.8260, 228
1000.0, 2687473.977116996, 33365.7460, 190
1000.0, 3036088.702273532, 36788.3260, 222
1000.0, 2779666.054862187, 29027.1440, 236
1000.0, 3090722.1132730762, 35171.8660, 242
1000.0, 2738436.098594254, 19859.0630, 222
1000.0, 2626531.2917249277, 24823.8410, 216
1000.0, 2951379.3137504403, 23060.9320, 218
1000.0, 3182916.5693089897, 35049.5980, 234
1000.0, 2797224.138895767, 28338.5520, 206
1000.0, 2884816.7761375424, 17049.7220, 248
1000.0, 2824706.5743039697, 28864.1890, 212
1000.0, 2906362.664524937, 22279.2420, 244
1000.0, 2857659.1921140845, 27457.4130, 254
1000.0, 2259505.617336469, 39537.4780, 212
1000.0, 2874213.182658775, 20945.1300, 228
1000.0, 2573649.9286415265, 26240.5550, 244
1000.0, 3048855.2125587417, 22536.7460, 260
1000.0, 2981701.280390303, 39526.4490, 220
1000.0, 2281898.339813338, 28837.0780, 206
1000.0, 2387362.929909154, 27137.5110, 208
1000.0, 3675650.9459044766, 38972.8590, 248
1000.0, 2439415.3595518824, 29919.2640, 198
1000.0, 3670341.4439557446, 19730.2780, 230
1000.0, 2848509.928941306, 23671.8370, 212
1000.0, 3086906.749569132, 24849.2060, 226
1000.0, 2442271.7761236136, 19883.1540, 248
1000.0, 2979973.637192714, 21855.4240, 230
1000.0, 2825473.934195855, 30016.3080, 248
1000.0, 2717334.8254263666, 26980.9220, 250
1000.0, 3030213.5645849914, 23834.3870, 216
1000.0, 3257206.502633816, 28299.6360, 240
1000.0, 3138185.1065979665, 27599.1370, 254
1000.0, 3212398.0545201027, 37584.7620, 218
1000.0, 2715789.34440653, 22770.8170, 234
1000.0, 2705904.127234748, 27662.3830, 220
1000.0, 2707772.1290134727, 26186.8660, 246
1000.0, 3079100.8123276164, 28651.5580, 258
1000.0, 2629274.83324003, 28562.2690, 238
1000.0, 2342603.960308702, 33848.4100, 210
1000.0, 3018548.0086261104, 22951.9920, 256
1000.0, 2379962.824274066, 25615.2900, 228
1000.0, 2852251.65494309, 22883.2690, 230
1000.0, 2780650.897909294, 32005.7150, 252
1000.0, 2567052.110915374, 27224.5310, 194
1000.0, 3000620.956374574, 27014.2910, 254
1000.0, 2068161.2239707878, 24166.6040, 210
1000.0, 3036746.9244512827, 17824.0020, 254
