0,3215321.72113669,17.3787,192
0,3215166.07031373,19887.316,168
0,2470547.69643367,18.0994,186
0,2643160.4352849,27.2553,180
0,2671744.62917079,16856.624,174
0,2941326.99778805,14865.901,160
0,2463460.79781369,21085.934,194
0,3085436.37482968,26884.647,188
0,2482690.68060661,31572.061,166
0,2847164.26668969,20239.199,180
0,2690080.5888912,14965.266,186
0,2830307.38415638,17843.379,180
0,2362409.5906437,20247.572,186
0,3141979.43605382,21984.657,186
0,3244716.83607152,13934.204,190
0,3473513.59830076,25544.617,196
0,2919799.41505675,21273.995,192
0,2904323.11749638,20061.949,178
0,2750855.58411439,19566.821,176
0,3298158.78379403,23767.878,184
0,3364224.1761104,23811.651,194
0,2881245.80354927,28013.613,184
0,3054609.3018664,18233.186,192
0,2910520.45058807,17189.811,192
0,2755275.1150563,26355.298,192
0,3126891.09461239,24705.467,208
0,2680983.8011937,32298.366,178
0,2874283.206311,22903.028,200
0,2960978.74862197,25385.647,180
0,3133629.02710662,23551.744,190
0,2982126.99485081,14219.411,184
0,2942530.23288654,15984.06,202
0,2408294.5565147,20209.739,162
0,2366325.46547208,17214.26,178
0,3135800.5449954,29869.54,196
0,3045594.09172168,16967.693,186
0,3120226.66583184,25914.772,174
0,2839019.19761266,17234.898,176
0,2927706.07451746,17032.135,192
0,2947749.60150521,16717.811,176
0,2604732.30592879,19719.639,184
0,3290099.20902328,33025.52,170
0,3099820.52207999,23486.93,178
0,3416644.50670102,24270.481,198
0,3182405.79643965,22544.126,190
0,2930392.8415784,19036.471,186
0,2532382.51912523,22883.334,180
0,2936062.07268545,19195.057,192
0,3471388.8543983,27651.509,192
0,3490761.41277885,18638.801,184
0,3141997.8749399,27208.682,200
0,3351953.51083757,33751.214,190
0,2831222.84477753,18708.079,180
0,2895901.95614361,21907.98,188
0,2877786.8260285,30138.172,182
0,2965180.3235223,24757.787,206
0,2741647.47429273,17866.4,178
0,2592401.16447148,18818.498,190
0,3468322.75283396,37321.446,190
0,3015135.79003179,24250.852,184
0,2890137.25385032,25570.78,176
0,2678508.21004955,22865.429,162
0,2714737.03699236,13246.772,192
0,2847514.44486528,19813.326,200
0,2678010.74622642,21124.538,210
0,2603699.29416777,18430.774,180
0,2344438.04034201,19715.479,180
0,2994118.08746252,20305.275,194
0,2660393.58021553,18274.831,184
0,2332125.84459773,10832.23,176
0,2744399.47421215,25348.707,178
0,2843927.14915722,26725.118,198
0,2616279.27513681,19243.879,186
0,2990861.98812673,19338.076,196
0,3278642.40443679,18814.274,194
0,2774495.90763227,20749.353,196
0,3050669.14441117,18788.329,194
0,3722076.59853093,25533.224,202
0,3314500.51726702,15097.362,200
0,3220933.38221087,21000.403,196
0,2787083.90608142,27023.783,178
0,2428961.42589359,30875.648,198
0,2798820.1935015,27480.149,180
0,2458105.59853344,18890.68,188
0,2618892.94280842,16094.889,178
0,3406380.67269535,15854.211,184
0,3188359.15219743,25068.278,194
0,3043016.0463113,35917.261,186
0,3425338.02973622,37100.807,204
0,3104104.31421595,20374.171,192
0,3298814.71161417,26032.763,192
0,3328807.06988767,14169.749,190
0,2899875.06698338,37764.466,184
0,2700697.57524924,32140.282,190
0,3537533.06028774,33362.851,196
0,3244848.57057793,27330.966,194
0,2735410.87990224,17350.504,182
0,3440627.81069058,13854.957,202
0,3155719.28138848,12569.284,196
0,3569960.30165853,23188.664,212
0,2733936.81257668,26042.837,184
0,2742658.71841732,21150.05,190
0,2476920.16865667,20702.506,176
0,3061486.63918302,40259.087,176
0,3212972.37172248,30878.426,184
0,3159805.21709994,31733.764,184
0,3064253.86688579,33281.064,190
0,2880910.90902867,28160.373,194
0,2557220.83607781,26346.127,178
0,2524752.6915566,19686.851,162
0,2334767.02541727,27321.652,182
0,3164165.20760746,19049.66,196
0,2980424.8632805,23365.576,190
0,2756589.54919392,16968.825,186
0,2856062.19525092,20091.01,180
0,3088090.73417703,23166.49,210
0,3125615.57311085,20546.872,200
0,2848159.59177266,19523.657,184
0,3175512.58905576,31025.351,190
0,2592594.07917394,22438.261,186
0,2720577.91394566,28542.883,188
0,3050143.41630802,26822.33,198
0,2427231.46955376,19141.533,174
0,2873189.90163146,20134.542,182
0,2971059.29513499,30640.13,188
0,3133601.32222018,29226.864,178
0,2820523.45878157,29008.888,172
0,3449385.7747333,18956.346,188
0,2662761.8960057,14360.856,182
0,3191779.46548964,25122.797,198
0,2591804.8650729,22391.612,184
0,2820497.78906875,23492.636,192
0,2958504.66822692,17236.05,188
0,2554174.69260368,21145.631,180
0,2574289.97113246,23256.136,186
0,2378842.6658084,15407.093,184
0,2993798.54429285,25593.582,194
0,3011502.83103944,16570.296,174
0,2537347.00894079,26219.149,168
0,3257389.52898496,15955.492,180
0,2942689.55199997,18907.619,178
0,2731961.63806994,21444.585,194
0,3362050.74428996,29794.508,192
0,2937170.76662135,14989.157,196
0,2919317.52484201,16929.784,186
0,2926537.35393396,20862.278,184
0,2602471.71911461,21697.93,180
0,2145298.31982312,21320.07,178
0,3375273.3668345,22920.292,204
0,3171276.09816406,15180.555,208
0,2855276.20784195,17724.113,196
0,2550775.34893521,24233.064,176
0,3262914.97197144,18153.883,186
0,2894233.650718,27468.184,178
0,3151325.29977045,14208.586,200
0,3599074.42359259,43432.488,202
0,2660425.85771241,11335.855,160
0,3166919.57403743,30832.88,196
0,3770177.80817462,29611.968,202
0,2527480.37282059,14194.413,172
0,2752847.67879407,25453.842,182
0,2568729.84826451,17311.287,180
0,2877898.49956041,21124.251,190
0,2761577.19120151,17496.923,188
0,3331469.97448423,18850.581,194
0,2785928.69238866,17383.567,190
0,3010838.47758784,21646.937,198
0,2788354.07803407,20565.727,176
0,3413585.98436115,16666.989,196
0,3499421.73824518,27326.636,204
0,2464785.05317018,28594.395,202
0,3206807.22042953,31813.348,196
0,2977923.03734238,12730.549,198
0,2829355.5907202,21450.516,196
0,2972702.83525592,18805.932,198
0,2847970.73217421,14041.391,192
0,2893916.45174854,17685.214,186
0,3244396.09991636,19423.455,200
0,2823565.65204462,20231.017,186
0,2988611.15703211,26477.837,192
0,2766904.00236928,20442.09,180
0,2845804.0420249,29775.903,186
0,3553531.60380825,16316.766,190
0,2354940.94721059,21027.474,174
0,2430443.43615256,20368.957,176
0,2404096.49175002,18583.077,174
0,2982832.8357076,14758.309,184
0,2982520.11007102,34212.729,196
0,2897736.54571787,21275.311,196
0,2984191.99616792,18511.088,182
0,3526854.2396088,29410.487,186
0,2901062.00725731,24897.965,194
0,2723973.80528655,19998.369,180
0,2933078.87157209,27089.328,194
0,2805470.09767956,17432.971,164
0,3013206.03919989,12047.547,192
0,3087762.93817516,20061.414,188
0,2877410.91789031,23449.152,194
0,2421710.94775798,34686.568,154
0,3094374.71977164,20093.052,198
100,3536658.17082984,21662.642,204
100,3142773.3649942,22351.987,246
100,2761805.60263604,25661.246,224
100,2515026.7064264,18774.431,230
100,2803317.86238635,27807.142,260
100,2832279.77969404,33854.207,200
100,3316934.29948028,16801.477,234
100,3204832.64163496,20992.048,246
100,3287279.24751816,22913.119,200
100,2797564.43350165,35371.024,260
100,2893062.63863427,32735.673,216
100,2840263.41214236,31032.799,214
100,2497501.92632412,23129.776,224
100,3312637.60981592,29648.785,234
100,2263864.82457713,26256.647,220
100,2794992.87430343,20813.919,232
100,2664868.54547783,18713.552,208
100,2566176.99480116,27025.466,218
100,2837834.63714871,36902.706,228
100,3073505.3965551,23382.596,232
100,2559398.04372926,24463.078,226
100,3141992.61134756,27515.842,250
100,2993863.4500575,30757.729,216
100,3224499.91134699,21133.353,268
100,2771602.76255003,29764.141,218
100,2473230.64544716,21389.87,210
100,2425499.88487954,18552.712,254
100,2511190.92770846,28486.437,214
100,2788603.4993588,32480.776,238
100,3374684.78829029,25727.689,238
100,3121776.56689643,18767.515,258
100,2642074.71075169,22949.893,220
100,3229411.04991011,20328.071,234
100,3229378.05990564,23821.813,216
100,2465453.38229813,31008.484,216
100,2371713.76907915,24868.175,218
100,2423240.09377267,21272.755,214
100,2366072.71636767,26777.419,214
100,3824569.52801537,15458.976,296
100,2544361.55684675,20070.164,248
100,2918062.40038143,22159.798,244
100,2699944.49426085,19691.445,250
100,3144142.31106281,19351.979,252
100,2932679.75170401,35345.694,228
100,2716813.25373087,24512.398,252
100,3310118.96041338,31068.228,238
100,2800378.70174407,21715.842,252
100,2802352.36390147,20159.544,258
100,2598823.97181799,24689.354,236
100,2908616.17497307,42987.527,234
100,2564100.24208053,29571.143,202
100,3201960.75534658,32080.29,230
100,2465797.27228453,22147.908,232
100,2552368.37178853,22091.385,234
100,2645943.85349797,28265.892,232
100,2647295.91376836,17919.562,246
100,2627118.14027488,28657.938,208
100,3193491.31587025,27365.063,252
100,2887007.85586591,24873.33,216
100,2716029.44653404,23116.747,208
100,2493209.84096507,23384.973,228
100,2421548.03058521,27855.153,220
100,3504354.09952251,15264.028,208
100,2691834.32893166,22680.214,232
100,3332500.45141527,23043.88,250
100,2570629.08143145,29500.651,236
100,3567931.53537877,20394.341,254
100,2847480.31634619,23184.179,238
100,2555078.11711949,24189.504,240
100,2639489.74810303,24000.01,202
100,2648596.21660541,22353.533,226
100,2905054.9502742,17626.55,214
100,2798882.97905207,25506.172,232
100,2847364.06737112,21116.647,216
100,2990900.8636997,14938.722,218
100,2565816.24856649,22502.733,212
100,2762626.26154892,20248.604,230
100,3029263.95823476,23546.911,240
100,3101352.34198373,28677.924,232
100,2620805.34557683,19058.081,214
100,2881878.0541313,22233.977,222
100,2508916.1294744,23776.319,248
100,2708456.82724969,24122.235,224
100,3080798.50742316,22918.094,232
100,2794393.60543672,20978.573,228
100,2906373.03551279,32247.533,232
100,3117624.32963505,19133.325,254
100,3482194.57162811,19210.195,248
100,3296833.35734231,23632.124,210
100,2666563.08151044,22403.355,220
100,2848277.63452112,30648.16,252
100,2715260.83091273,23389.418,284
100,3012527.34717366,28978.426,266
100,2780228.85399397,26064.287,244
100,3223405.0624568,24267.608,276
100,2688434.01163129,28353.5,236
100,2241266.87449303,23209.03,212
100,2444880.34357053,21843.613,236
100,2556207.34691522,30476.879,226
100,3194078.88060622,23265.062,228
100,2781577.95905542,34241.722,218
100,2887290.62646461,18409.781,220
100,2975342.03628623,18602.016,212
100,3256955.52395716,22302.821,250
100,3051364.85220441,33444.041,232
100,2776931.51743178,31355.551,244
100,3137157.74835159,27650.611,224
100,2910173.59913978,31852.278,228
100,2375518.325068,24698.968,238
100,2716564.69710499,23886.97,236
100,2693517.28169497,19220.465,230
100,2557692.35857997,25649.538,218
100,2969631.48071982,33195.451,246
100,2737601.67024151,37514.602,218
100,3069716.32955667,28788.001,226
100,3485519.97315868,29288.52,230
100,2682140.51916038,31976.278,234
100,2547280.52003823,35714.184,212
100,3175557.91301093,23680.945,226
100,2601603.29212187,22258.359,188
100,2725661.56451574,26589.243,226
100,3338603.09405799,19067.618,266
100,2816725.95545816,27572.452,234
100,2727559.90778428,21630.885,282
100,2599087.18286263,21641.885,216
100,2474163.97996296,29239.194,212
100,2970732.39789596,27062.046,212
100,2828130.84655455,16350.732,226
100,2978396.77303878,23294.758,240
100,2582440.8900093,21082.502,208
100,2727415.40193436,17550.2,254
100,3282164.12213586,29796.355,224
100,2556581.8739001,24790.455,198
100,2362581.97073198,21726.993,216
100,2812832.99960483,30267.902,218
100,2487860.95212734,28098.618,206
100,2158077.43161058,12060.762,200
100,2553522.20482169,30022.742,246
100,3131223.18010855,20378.424,216
100,2401899.79269005,22246.481,208
100,2556372.41740876,16975.036,184
100,2559803.28543382,18236.894,226
100,3118450.31146688,21966.955,256
100,2515024.43960678,26620.298,212
100,3008071.95794025,21795.347,212
100,2636480.00488883,22859.867,206
100,2388441.98276411,20795.191,260
100,3035546.75286933,22697.243,222
100,2480166.98930128,23139.59,204
100,2609498.81824058,31349.584,226
100,2692492.36818023,37797.646,216
100,2921485.64349748,24786.811,216
100,2913682.42262894,30918.459,186
100,3012750.29653995,30573.462,218
100,3136136.83932798,17214.953,252
100,2783209.2324025,27983.459,204
100,2480051.62177787,23640.06,212
100,2418423.54084989,23693.034,194
100,2958927.20409698,15556.47,218
100,2296242.92455264,20426.075,220
100,2458066.86272246,33095.262,216
100,2858756.11994816,17008.873,224
100,2745646.95035726,22115.866,248
100,2538084.10855297,20990.682,214
100,2833871.95161467,27557.394,232
100,2804395.90862421,31387.431,240
100,2437823.01023363,37129.143,224
100,2591200.50743005,22681.495,234
100,2495606.6160165,25373.826,210
100,2783159.4852009,16760.473,262
100,2341844.6764337,33276.857,238
100,3056437.04751628,25726.281,250
100,2918182.27671172,20419.516,236
100,2631870.76193328,18677.783,254
100,2962488.38568626,29093.825,226
100,3108900.778098,21329.951,232
100,2309943.80683717,29001.589,212
100,2756175.70783141,19533.748,240
100,2447352.54376844,16293.647,202
100,2665554.90334743,34065.742,228
100,3062559.83436483,23137.946,266
100,2827447.39178307,23982.533,246
100,2639020.06214758,34108.663,232
100,2838702.90035507,17338.964,240
100,3283845.37692481,19295.668,244
100,2944493.31461267,25146.67,248
100,2645500.13132056,19316.863,210
100,3196817.77896542,27066.304,230
100,2549708.0948094,19564.543,214
100,3024863.41053689,29283.624,226
100,2955308.73584446,22629.511,244
100,3159364.78249412,25744.766,252
100,3160890.73529597,28784.573,222
100,2957643.03444371,24579.314,254
100,2821032.3973516,26785.28,270
100,2546823.01109172,26242.967,226
100,2396479.68538474,31239.355,226
100,3010676.12472708,22654.244,228
100,2582371.44599367,15892.629,202
100,1940446.49548154,15982.296,204
200,2578450.06592837,34673.641,208
200,2862778.50169715,22869.568,240
200,2261316.89950629,18775.892,196
200,3242421.75682152,28275.961,236
200,2823153.46332679,18821.241,250
200,2633238.77414315,18202.838,204
200,3705712.81756505,17611.684,260
200,2771303.14503537,33807.993,238
200,2909558.01981081,25119.876,230
200,2923267.59596375,40445.985,218
200,2205896.86177972,32429.328,194
200,2747955.34004305,31207.768,246
200,2745081.26466884,23834.262,228
200,3041983.45177205,40532.264,220
200,3183634.50591079,37919.823,248
200,2968170.36319945,28139.946,228
200,3164514.73284044,19799.998,222
200,2122060.32632363,13711.699,198
200,2877107.00869151,34450.504,254
200,2535710.21059432,29051.228,216
200,2808699.37480145,29969.21,236
200,2530244.91796261,17732.081,238
200,2960022.69679203,26301.103,242
200,2981401.23677986,18201.786,244
200,3058473.83622815,30321.703,242
200,2741390.33695558,23791.093,198
200,3024263.13601585,18428.095,232
200,2818052.69346632,16271.691,260
200,3246616.28018908,20758.95,274
200,2568850.10890298,26113.9,216
200,3276009.70231863,26677.677,232
200,3248344.37746858,31053.401,242
200,3415546.03852229,21439.654,232
200,2692975.11052032,25677.646,228
200,3414499.71629531,14779.704,270
200,2032195.42885712,17963.086,210
200,2612470.24060082,19904.592,274
200,2457482.07657888,22411.963,220
200,3116067.24042615,29863.256,246
200,2879953.68601482,22396.59,276
200,2888114.51674223,22241.528,224
200,2639635.15531234,26448.099,220
200,2936403.56563054,22948.703,254
200,2572927.60110196,23335.228,250
200,2804348.93135457,25113.485,260
200,2651610.92339203,17189.682,252
200,2636784.77111713,26355.266,270
200,2693635.56885925,25388.251,230
200,2890594.93919066,28224.466,246
200,2266178.1376491,20181.888,222
200,2538908.50184475,23551.632,220
200,2838113.47493383,22850.324,272
200,2411165.87607177,30874.422,258
200,2623341.17191624,20075.266,244
200,3244532.16173067,20566.696,248
200,2781129.46041218,21011.211,248
200,2892665.69445584,26049.546,240
200,2995151.87245513,20930.754,246
200,3087534.71215776,18022.993,262
200,2579812.30441291,29013.05,246
200,2997568.77492668,21766.217,248
200,2503826.85806576,26835.253,258
200,2932443.47737801,24562.27,258
200,2584157.09472803,24475.043,232
200,3407943.5089931,27462.747,230
200,2919872.53936805,21116.669,248
200,3037998.77595685,22119.176,250
200,2344497.54174102,23266.715,194
200,3043495.76591952,32815.847,242
200,2667781.62554978,27993.246,208
200,2790848.73120132,20392.727,234
200,2360864.68174716,28661.181,206
200,2674044.17501227,19098.85,270
200,3527663.02378139,33924.407,242
200,3066621.61437547,38074.785,244
200,2731927.1725666,21261.533,258
200,2735278.0178895,27724.488,212
200,2660312.06481053,27025.248,240
200,2732906.73187084,23035.748,258
200,2600769.48459343,18322.162,226
200,2882586.74276474,30850.207,284
200,3005753.97428581,25228.39,252
200,3366061.23594365,16695.583,244
200,3077534.17665139,24780.505,246
200,3080839.55252352,25319.26,250
200,2682784.1557234,37907.984,232
200,3019994.75921306,33698.424,254
200,3266121.42036356,20132.758,240
200,3195668.84766066,33115.322,250
200,2838536.51065152,18903.356,268
200,2533262.21027364,27589.973,230
200,2353673.86565703,20780.094,238
200,2253320.34006693,22734.638,228
200,2857831.43899669,20749.347,238
200,2836726.04542745,34791.569,220
200,3178514.53504674,23857.264,262
200,2270417.73389857,22320.77,214
200,2996843.18791387,28930.548,218
200,2884199.57599027,29381.659,230
200,2676232.6090605,34894.976,246
200,2345193.1764524,21220.764,246
200,2689705.65776168,23013.393,238
200,2719851.12686277,33087.107,232
200,2884408.75070227,16884.339,220
200,2980278.21755826,23008.017,260
200,2880599.52479218,40719.955,236
200,2824196.6064491,21258.639,246
200,3190068.76323555,19399.967,250
200,2392338.575912,18536.573,224
200,2637067.10524086,18806.091,220
200,2652337.79799978,36828.232,222
200,2855928.45854095,25421.116,212
200,2545001.77179143,15769.962,282
200,2424424.33798883,24112.688,230
200,2994199.68602992,17254.207,256
200,2938814.21873493,32924.449,234
200,2858967.40403163,25757.611,226
200,2856680.78009614,27763.894,222
200,3300067.0670837,28083.402,264
200,2620981.08552488,24822.838,244
200,2322261.90471292,26254.285,240
200,3094644.66295101,32456.067,216
200,2445485.41379967,28804.341,230
200,2353981.1296633,19320.461,224
200,2894184.37906394,28960.173,244
200,2559241.51541361,28674.004,202
200,2536446.51706885,26005.195,192
200,2715867.69067941,28343.643,226
200,3338770.13840562,36452.078,256
200,3276782.07278214,29425.195,264
200,2818804.19998732,33789.805,290
200,3172155.46205153,23743.207,250
200,3177248.61060237,31640.659,246
200,2781138.59166979,30050.243,220
200,2892470.20065086,19567.905,244
200,2598184.15087752,28719.368,212
200,2639454.98393664,21783.929,228
200,2763826.53105953,25418.619,226
200,2474818.83252618,20629.725,212
200,2381273.33024958,25269.24,210
200,2340591.57542891,29553.946,220
200,2617634.81495339,25826.201,194
200,3371305.09959498,43027.935,242
200,3281988.79709342,33913.386,244
200,2766331.65719601,24550.177,250
200,2670306.56354537,34315.74,230
200,2571950.72408166,28606.801,232
200,2490411.8355064,20980.57,232
200,2636074.22487941,23784.991,220
200,2806185.2314193,28896.191,252
200,2588739.8100516,24340.561,256
200,3284574.85679181,27663.293,240
200,2549751.71125582,19111.68,252
200,3265138.33950564,16619.078,276
200,2980741.38682023,21803.6,226
200,2933635.07498302,25970.396,226
200,2392295.766734,19336.899,234
200,2719092.29725886,29355.932,224
200,2759592.91274511,18992.346,232
200,2874236.86078484,25195.939,260
200,2962828.70894615,15070.31,276
200,2779380.80606603,29462.796,234
200,3011078.6966035,31021.272,244
200,2636590.0559944,20119.69,210
200,2450435.20576964,21394.292,242
200,2295509.01212327,24018.73,250
200,2535376.65390332,33143.871,234
200,2633827.73454685,24755.84,234
200,3061761.24561466,25136.489,250
200,2247808.0086338,31445.103,224
200,2544478.55090491,21927.475,286
200,3254217.69167955,21807.124,262
200,2621833.7017195,24065.437,252
200,2255979.76676607,19295.545,224
200,2472120.885716,18529.639,214
200,2782643.39270882,25255.634,228
200,2882062.00356556,26010.66,256
200,2345760.47216413,31782.144,226
200,2830394.3452795,20383.853,238
200,2353109.55292008,21624.49,216
200,2983428.78078479,21980.596,236
200,3371350.27682336,30974.871,238
200,3503369.69409047,19609.753,234
200,2171991.76479857,22618.826,224
200,2419992.23977193,17566.238,232
200,2599961.69242977,31804.637,216
200,3040471.90116847,36401.572,224
200,3102821.94928724,29168.251,252
200,2697591.20180591,24425.754,232
200,2558025.3306623,30016.416,226
200,2762140.70652245,23793.481,238
200,2556142.33354382,18601.852,224
200,2781949.01613149,28850.84,204
200,3294227.8264153,25318.349,216
200,2542861.54411687,19902.653,226
200,2704770.45207389,24873.2,208
200,2826001.94899723,29339.195,220
200,2920093.84277119,37741.706,248
200,3314748.97191869,20617.959,246
200,2582463.62206809,24076.601,252
300,2927059.44775716,25682.932,226
300,3221952.97059339,24374.513,242
300,2787138.27555778,24414.533,206
300,2675659.73152032,30139.621,216
300,3004261.13622998,27079.5,224
300,2348441.01432776,22780.251,246
300,3578493.7883478,24260.568,260
300,3167224.48972287,19868.555,260
300,2714926.21154169,19556.852,272
300,2228272.20928393,31372.454,206
300,2285813.27325666,19233.556,266
300,2597265.542683,24456.607,224
300,2709390.80819615,22672.627,230
300,2595391.98317787,26189.943,250
300,3062067.34399443,26792.968,248
300,2470257.90338126,29748.412,236
300,2683151.08487137,25485.981,224
300,3169202.96573545,23611.132,258
300,2709026.02899826,23317.833,248
300,3018726.48162512,23904.257,204
300,3022460.98058517,26592.131,232
300,2652192.65043563,31507.24,250
300,2599818.4253544,26932.313,218
300,2662839.12158718,18327.373,268
300,3015468.45576837,32353.7,252
300,2413948.34539162,19302.558,228
300,3317132.90660947,23796.976,248
300,3259155.02449687,24543.487,254
300,3037880.44815497,36335.281,238
300,3125751.28562896,25820.019,260
300,2862159.1145548,27806.38,248
300,2966929.19612024,33597.078,226
300,2706990.42451401,21184.025,264
300,3535277.52098516,24156.51,270
300,2298558.91546474,23242.269,200
300,3118487.98902357,26780.177,240
300,2884247.42411364,27582.475,226
300,2575623.62344623,24330.692,232
300,2740000.94212336,30470.811,240
300,2476627.48403788,16648.279,242
300,3171001.10487633,17282.865,248
300,2586705.21184677,34553.763,224
300,2300550.25726764,26115.128,250
300,2775039.41616166,23888.293,218
300,2121179.74930781,18614.86,202
300,2933223.07519024,33536.55,234
300,2703434.15093998,26586.105,246
300,2579122.59322786,28772.814,186
300,3118180.20517492,14536.782,212
300,2529063.73423702,25225.911,242
300,2547451.71574685,20809.467,266
300,2419872.8439876,20397.728,228
300,2607765.57241772,20170.249,232
300,3395613.90436786,26938.244,254
300,3015159.27723378,29018.41,240
300,2582731.92419735,30339.968,260
300,3098361.08508689,25794.489,272
300,2928392.42109193,31113.951,246
300,2672478.03889199,23081.213,274
300,2645001.10628035,17728.736,226
300,3438319.89553879,20341.771,242
300,2731335.6229954,21754.968,246
300,2643213.83690112,30712.041,226
300,3050933.21155496,22757.69,220
300,3096615.85342839,22748.07,240
300,3026269.13001989,21381.231,204
300,2586564.001571,22005.63,236
300,3085011.63133898,24904.21,234
300,2785839.56616821,34257.141,230
300,2870209.68380292,27845.618,250
300,3092503.56186014,23488.945,230
300,2515620.75558516,26321.808,250
300,2507400.77188641,24655.519,230
300,2539053.81334844,27138.236,242
300,3101717.32575952,29144.356,250
300,2967103.0375124,39615.294,226
300,2289932.96040702,28863.265,282
300,3276170.20021604,21493.752,262
300,2811913.02291621,43752.676,252
300,2861751.69983615,24241.388,236
300,2643813.22108644,39495.983,202
300,2812152.61213071,24423.185,252
300,2838179.5122038,15413.391,246
300,3060371.20281881,19246.99,260
300,2850821.59636437,21046.199,252
300,2986360.78126173,19542.703,244
300,2684590.32457204,19995.212,250
300,3306161.63034192,35445.124,238
300,3000569.53362315,20225.332,250
300,2496626.09278666,31735.6,254
300,2876509.59059788,23442.807,240
300,2900677.67733719,26051.552,242
300,2663001.61643529,14485.911,266
300,2557270.32264346,27643.922,206
300,2550994.10854245,22454.247,276
300,2525661.40263434,36449.402,230
300,2911847.0929508,13217.749,216
300,2751258.94770461,31608.669,214
300,2499026.13131385,23703.245,230
300,2827767.09620014,27682.332,238
300,3018655.89063555,23729.237,278
300,2273326.17882111,34067.15,190
300,3011221.66092476,22411.585,248
300,2897925.98764171,26072.022,234
300,2633947.09227552,14711.387,232
300,2644036.13262169,28969.01,234
300,2645979.31508997,19594.689,254
300,3402484.92382063,25787.648,242
300,2931400.95299433,29722.278,274
300,2473624.1264738,20454.394,230
300,2843803.64279934,33882.967,276
300,2744862.90950177,28911.91,236
300,2346059.36906635,21689.392,196
300,2997452.57751565,38835.996,250
300,3303723.60990105,29843.785,234
300,3018956.61932734,38632.9,230
300,2755518.55196825,22351.895,242
300,2820568.32187725,21684.599,238
300,3209390.82138102,25284.194,206
300,2753404.41440257,29936.319,232
300,2797252.65200262,36225.127,208
300,2638624.31867819,38222.565,232
300,2561709.37948738,27396.518,252
300,2752811.45658531,26930.779,246
300,2572112.38583122,17085.776,236
300,2767341.92607499,19636.316,236
300,2937564.24484776,31799.634,232
300,2953586.16393307,22972.503,232
300,3395432.35078937,27705.8,238
300,3059392.90730835,17432.29,228
300,2975486.9996255,23409.182,238
300,3037225.89095839,27553.85,226
300,2614665.43122345,23716.022,216
300,2446491.02282969,30152.695,202
300,3180961.31880654,21832.363,278
300,2799022.14609625,32165.831,218
300,2600721.70770517,23144.971,250
300,2745156.1628702,21695.609,240
300,2956161.2689474,21886.04,234
300,2480046.64850322,15647.295,238
300,2419420.77410104,16257.363,226
300,3529016.99890482,22370.142,258
300,3257115.48480133,27945.378,264
300,2449447.3701336,25121.293,212
300,2990707.9634585,25253.492,232
300,3171465.28644093,29329.852,260
300,2627075.17527876,19284.671,226
300,3193518.71361275,26030.261,262
300,2556478.12071953,26152.225,256
300,3007560.97944901,25341.705,258
300,2828692.5601774,26382.339,228
300,2762155.9121645,27415.322,250
300,2526410.61520201,13676.658,244
300,3147558.6117206,30679.511,226
300,2848691.6307998,44276.22,220
300,2757932.42003282,24775.03,236
300,2980450.5568691,21349.869,256
300,2928596.93758736,33798.179,236
300,2369944.43445837,25679.425,196
300,2681295.97583157,29512.692,244
300,2722699.06110082,20601.063,244
300,2778957.84590387,29864.227,230
300,2602056.14901988,39968.244,226
300,2571209.89156863,20542.507,270
300,2847539.6865208,17569.336,272
300,2492916.54015758,26959.803,248
300,2586716.8233021,20889.003,236
300,3724547.48466104,18464.299,274
300,3054442.15355746,23762.181,238
300,2916304.8745059,27952.507,218
300,2537426.78414631,31622.3,192
300,3742311.4552054,44126.508,212
300,2700471.70162233,24457.384,262
300,3024600.06561955,27317.549,220
300,2708466.46663296,18756.866,244
300,2722374.95934454,21871.1,232
300,2700748.11703805,23587.663,218
300,2698402.77668184,24269.832,262
300,2455412.20029248,20751.334,242
300,2299391.28988902,22615.646,232
300,2685897.56256786,26153.616,246
300,2735866.87952628,18225.973,214
300,2826050.77821942,32844.302,230
300,2992067.45004322,19610.708,262
300,2605444.22074846,29923.921,234
300,2929490.63677076,31866.559,218
300,2885794.46392943,21247.89,256
300,2329616.4379335,22113.456,212
300,2399285.94945676,19976.313,212
300,3318028.97343962,21069.281,248
300,2982879.96724312,33455.767,230
300,2906084.90566334,26631.67,224
300,3107837.37936138,26892.539,262
300,2721392.69374752,22821.944,272
300,2507057.1176607,24995.207,242
300,3151866.77458519,21842.209,244
300,3030322.95547374,29304.503,286
300,2445493.70586838,16679.834,230
300,2687178.0634871,18266.738,238
300,2928312.34687965,30261.535,250
400,3277746.23758338,20680.17,246
400,2916088.52493671,18177.987,274
400,2907626.80608567,28562.194,230
400,2840301.08160444,23725.236,258
400,2388989.08999018,36766.304,240
400,2555041.6490478,18078.697,214
400,2828460.04013994,25960.253,248
400,1983311.30913355,20276.048,240
400,2558762.39988338,33914.994,252
400,2715145.28104062,28341.601,222
400,2493494.94939176,30944.089,216
400,3131338.78745081,23485.845,266
400,3229137.48885786,23879.864,246
400,2513062.79000186,17824.335,226
400,2344908.9885397,23218.046,230
400,3054428.55132718,31570.853,228
400,2710620.68614091,22538.136,212
400,3102923.96106967,35789.371,234
400,3049433.22622461,24449.919,232
400,2913417.35150437,21796.64,220
400,2970431.86656056,22232.216,268
400,2802902.75622408,31179.103,218
400,2813248.97744539,25024.896,244
400,2615585.64868663,26416.455,266
400,2814348.98319404,28877.011,264
400,2848805.98602156,30544.709,252
400,2702719.8914329,26010.856,270
400,2777995.2741953,28604.305,254
400,3170819.4438287,23354.339,240
400,2983061.27008548,17814.009,222
400,2622422.7029618,27709.097,262
400,2649038.95771405,33736.115,242
400,2472288.29317262,25934.859,220
400,2542389.67031936,20345.172,246
400,2749801.01351019,31368.718,246
400,2677707.41006032,24200.322,262
400,2859441.28978034,29957.231,240
400,2295500.75435748,39236.221,232
400,2830945.78026731,23023.744,254
400,3175179.98952295,29934.823,222
400,3161619.33040542,34223.895,202
400,2192515.67941137,27626.538,220
400,3128918.74305606,29487.717,216
400,2945015.84161155,28296.602,282
400,3003503.96040815,31930.816,266
400,2761984.62868061,32207.437,266
400,2474965.69205547,22456.04,262
400,2982727.43851199,30342.733,238
400,2626119.29342283,19171.519,218
400,2320151.81781383,24518.502,254
400,2999421.6025445,27762.026,220
400,2973880.01137596,36685.739,270
400,3245979.68001439,24735.239,244
400,2967249.94675745,31102.439,208
400,2640881.95275792,18159.76,226
400,3241040.17101346,31706.827,234
400,2756751.54891666,30096.847,258
400,2859289.51862352,28513.924,232
400,2544648.22881436,17390.904,254
400,2734934.72561733,30316.991,270
400,2905753.83855977,29637.169,250
400,2426010.00439512,26774.367,284
400,2500229.88370984,29618.428,232
400,3207883.66543469,26361.255,256
400,2458209.49809869,24311.059,230
400,3227672.64320795,26127.083,248
400,2995100.09536651,40193.818,228
400,2925885.72963732,29925.456,246
400,3027201.08255663,26113.818,226
400,2867205.10957925,21665.814,264
400,3004101.98987189,29902.634,256
400,2773250.89236364,18035.672,244
400,3176551.2403753,25011.792,278
400,2292308.26374929,26072.995,232
400,2465176.03621839,20249.905,266
400,2323491.40839302,24433.116,218
400,2088654.43577012,21137.317,236
400,2947594.48813588,22720.974,230
400,2839840.28757669,35358.247,224
400,3355312.44956996,24688.032,296
400,1889699.18652134,31314.099,222
400,2993766.96054954,24597.178,260
400,2215870.85731307,27694.779,232
400,3246878.27797358,36284.592,234
400,2225022.51157099,20879.416,216
400,2868831.28223804,28891.682,250
400,3261094.19811959,20412.257,268
400,2730958.20644924,33177.825,240
400,2673771.84178464,26403.659,258
400,2426212.86878907,25862.131,224
400,2914651.81871953,17342.862,244
400,3365458.9771411,19906.324,264
400,2474345.31631201,18269.094,268
400,2289115.05977764,32101.467,190
400,2756605.97816478,25526.913,224
400,3114113.2687378,23746.605,256
400,2913744.03641952,32378.551,250
400,2630080.94347445,22164.753,236
400,3227975.30355695,29196.855,244
400,3697077.22029468,42821.568,216
400,3058548.09651195,27643.778,254
400,2500684.27799076,20401.31,208
400,2733826.39069698,23723.388,242
400,2915869.4811947,22287.073,234
400,2863846.13728787,13623.337,236
400,2753672.11658935,21483.725,244
400,3097976.51224869,38892.121,240
400,2483973.44942882,24447.087,216
400,2385850.98381854,35861.68,212
400,2742320.1493211,22454.627,226
400,2691046.06500313,26978.607,252
400,3125400.58479524,20162.393,220
400,2622880.92967822,21169.179,270
400,2462334.97018956,32090.43,250
400,2612585.85145948,33229.268,200
400,2804683.73149092,26493.156,258
400,2657027.43671804,29964.856,220
400,2996137.77068947,31660.844,248
400,2395216.66862194,20047.14,254
400,2891605.6773785,30952.086,254
400,2285883.4485145,25689.94,252
400,2644972.41009481,38966.38,230
400,3337052.04260585,33366.648,210
400,2988473.67588475,29849.042,238
400,3504696.91327512,28623.451,246
400,2587350.90611929,25319.399,228
400,2710636.94491549,23547.433,274
400,2755066.14003328,18168.785,206
400,2677192.83541011,29843.54,216
400,3275398.00523378,30597.437,262
400,3047910.88017038,25906.189,242
400,3030915.84758374,17459.197,278
400,2785824.2278457,24125.244,248
400,2341990.74893712,27500.034,236
400,3043222.21040491,36667.248,246
400,3116834.48041927,27774.226,222
400,3228021.95606694,19133.834,278
400,2884078.03283187,28122.508,216
400,2426903.83778758,19579.408,242
400,2974506.81367776,22257.91,226
400,2784746.4034233,23089.022,238
400,2645831.68373264,22596.38,250
400,2883874.29292161,37797.404,252
400,2401824.17374767,19540.809,216
400,2656379.42473567,25855.46,248
400,2540118.69709763,21332.504,238
400,2942542.0626965,16832.552,208
400,2848723.62901965,36288.85,246
400,3224721.0270817,28716.044,254
400,2541104.50976717,21909.419,252
400,3037962.97022071,27537.045,198
400,3128578.26426788,34547.844,240
400,2749766.17300911,24022.093,246
400,2458427.42304718,17630.396,224
400,2585191.16047786,21477.512,218
400,2992404.92687686,29894.86,222
400,2441719.96227274,21305.938,246
400,3196378.51468125,22711.123,276
400,2591570.47194698,19426.663,256
400,2643074.14333804,37927.022,250
400,2673121.39672216,17970.38,230
400,3514861.77262539,35402.542,256
400,2868411.15048734,17251.494,232
400,3658336.40176625,19293.294,248
400,2789451.01204585,27552.39,244
400,2919460.9374495,31696.966,258
400,2663054.60521321,20715.552,262
400,2530619.9159423,20213.329,250
400,2748379.03806306,25169.66,232
400,3037944.49961444,32649.164,258
400,2791294.35288172,19674.687,246
400,2892316.60497144,39781.24,278
400,3160041.71348909,38400.851,236
400,2973925.44554899,39529.35,288
400,2402768.5490787,29320.151,242
400,2748954.50517312,34275.297,242
400,3037992.74856243,27856.639,262
400,3597759.34815251,24153.941,242
400,2806425.73054525,26032.995,242
400,2525872.9104379,25674.19,228
400,2510859.89205217,26549.943,236
400,3048076.21710261,24570.007,264
400,2846253.48834525,22098.661,264
400,2854450.93360409,21872.854,254
400,2621566.9228088,25903.884,284
400,2824904.42935017,21100.09,230
400,2614594.00306558,19996.902,210
400,2894220.03163026,27240.97,236
400,2850972.00484619,27120.879,268
400,3104074.47682722,25891.67,280
400,3007048.02937754,32955.387,248
400,2197234.33650311,24636.517,264
400,2871989.32768868,35286.425,236
400,2955417.16256468,38861.938,270
400,2693906.54144149,27586.317,212
400,3124085.91524107,27692.294,258
400,2707901.51727778,27297.919,256
400,2754293.84517032,20842.23,246
400,2745338.41263863,31826.119,242
400,2875907.15274069,21009.779,284
500,2974148.21423497,22423.655,234
500,3672794.26146098,15730.42,240
500,2260219.91055509,21813.879,244
500,2955152.53370643,18774.769,258
500,2488243.32361882,22323.795,218
500,2928934.52550296,26868.594,260
500,2481906.22325755,27281.618,216
500,2770871.04544248,37161.471,260
500,2707636.8870297,19137.453,254
500,2598879.72184393,28995.148,242
500,3405975.71384149,28531.581,266
500,2763353.84876049,27048.614,256
500,2405375.41915677,23381.993,216
500,2603686.83623567,29603.456,230
500,2694970.38495216,33145.311,232
500,2563831.44926616,23753.442,224
500,2614090.42018297,23889.021,246
500,2380587.45059178,23334.591,208
500,3011604.49108104,26134.466,246
500,3473642.10302359,21404.98,262
500,3195738.99816027,20918.135,246
500,2985054.83281592,31526.844,244
500,2786139.16705758,22474.337,258
500,3470489.68297213,27048.912,236
500,3144167.1063917,31263.66,230
500,2836125.6415585,35358.823,202
500,2820900.39478621,25129.582,260
500,3177791.10857223,15743.388,268
500,2847221.03021186,19116.527,236
500,3510192.89796805,24297.001,286
500,3164035.85177426,24071.517,268
500,2350853.73759087,24828.13,232
500,2386625.04512801,24958.215,254
500,3049339.08952545,21962.628,234
500,2895962.26387916,30541.668,232
500,2741355.68805318,16674.461,250
500,2633520.47951555,27379.175,244
500,3216104.31281218,25038.33,250
500,2320062.32427376,17770.144,270
500,2131702.27644142,20436.551,226
500,2792021.21997867,24251.199,250
500,2395042.29262674,20477.857,276
500,3090804.93672603,29602.121,252
500,2521656.10373195,21263.465,240
500,2930312.07776696,19924.474,212
500,2846679.02881651,25866.813,278
500,3208521.74244947,21681.24,252
500,2656685.53228746,25547.839,236
500,3122590.03747491,31032.959,262
500,2998098.08426699,21346.941,230
500,2205845.64937785,31735.154,226
500,3125426.23441909,32485.98,230
500,2588176.36134618,17634.147,234
500,3012208.95836122,23324.158,270
500,2599824.13954436,26114.811,212
500,3065014.77467299,24432.329,254
500,2470041.87221976,27726.585,266
500,2579698.13991053,30850.382,226
500,3118471.56677805,18869.219,250
500,2601876.54697375,27031.292,240
500,3189835.73629306,20700.685,236
500,3187510.26029037,25914.437,252
500,3508661.29730584,17620.897,224
500,2693154.36800629,27003.954,252
500,2920294.3663106,21887.566,300
500,2928221.66520943,18902.758,246
500,2814114.45938344,29528.954,232
500,2466558.15578412,23710.159,230
500,3289315.87506824,23655.383,246
500,2334982.36061011,25148.835,260
500,2725939.71022665,26226.742,264
500,3070317.15883557,21751.007,254
500,2766302.62106982,26371.099,254
500,2494967.35258209,24478.744,248
500,3389221.09802152,32748.764,250
500,2696415.99210951,26349.396,212
500,2795628.94717542,21660.312,220
500,2825584.55966184,23067.677,250
500,2726779.18089642,23302.603,234
500,3479261.73063134,21469.717,242
500,2767903.63527011,22852.57,228
500,2507560.92631596,38248.331,240
500,3024606.51036716,29637.675,240
500,2414220.44969649,30447.282,198
500,2209094.48009846,25705.401,226
500,3230317.27403583,36089.338,246
500,3275722.7147247,27424.579,280
500,2729648.31980652,18520.136,192
500,2400721.13419464,23350.014,250
500,2989362.84632639,21239.805,258
500,2901502.86801104,21561.561,216
500,3076688.15398807,20096.181,252
500,2744324.95931943,21714.735,236
500,3102504.98333696,22386.097,252
500,2735065.73151029,21386.266,226
500,2644911.3603086,31686.386,252
500,2706679.45615849,23766.298,262
500,2701073.463417,21201.098,270
500,2862629.8910942,26304.89,182
500,2786663.76213856,37850.076,276
500,2520957.0032975,28347.361,264
500,2268213.63511919,16597.978,206
500,2588194.08427758,22890.276,226
500,3572918.84032247,20677.485,294
500,2588986.86465946,26374.105,234
500,2922111.98411988,28427.355,244
500,3561790.6381528,28385.277,258
500,2641295.73481013,21446.577,270
500,3097701.20143809,19451.683,220
500,2810463.71117778,22431.75,234
500,3537361.30533264,19990.575,240
500,2787869.6205048,25118.313,224
500,2791441.00246696,21538.358,236
500,2941747.3748192,21053.748,246
500,2348055.21904293,25807.79,232
500,3240091.13578018,17036.659,274
500,3163544.50664671,37518.253,254
500,3010469.93205492,22899.632,220
500,3129698.09338461,16472.1,294
500,2682488.37380697,25273.254,234
500,2583555.83735868,22516.281,254
500,2410169.87065262,17820.131,228
500,3125969.03464184,28921.566,234
500,2394620.9869911,25442.402,204
500,2392843.14370407,27317.011,226
500,2449430.80999494,19920.377,226
500,2849526.08999069,37288.879,256
500,2695613.80514519,25314.505,232
500,2721054.01492563,21786.641,258
500,2894881.42028746,17453.616,230
500,2557531.95391767,27533.825,228
500,2406936.30698374,30744.812,232
500,2306379.77719072,27622.96,224
500,2640922.8430002,18480.181,228
500,2610478.3713921,24951.908,254
500,2630059.75291247,21565.681,260
500,3134683.37960485,25423.312,262
500,2706996.80203418,30980.391,240
500,2468896.22718672,20724.365,218
500,2389276.32475344,26663.976,214
500,3191386.39411274,14532.813,260
500,2346771.9406861,21162.397,210
500,2900956.66044322,20176.381,224
500,2515225.37420548,30078.106,266
500,3132611.02753844,31155.702,226
500,2738502.34543103,28869.685,238
500,2870466.9059057,21459.437,262
500,2126086.30512002,18023.494,236
500,2752139.35211644,27628.905,254
500,3445962.92897334,24409.343,280
500,2394090.39385675,31492.957,228
500,2763182.71298237,38397.358,252
500,2857752.39577359,33104.99,258
500,3597368.60956801,31018.399,234
500,2416918.27970931,29842.196,236
500,3042356.872659,28314.019,240
500,2770067.35110274,22621.607,228
500,2357126.12095309,19753.303,262
500,2709962.6892818,26078.539,240
500,2732078.10598933,20771.651,252
500,2482245.16079631,33946.976,250
500,2919502.11920609,30786.939,268
500,2537725.54893455,23203.155,224
500,2799154.52044412,21369.668,254
500,2811293.44396503,22972.086,228
500,2514899.55260692,31964.41,238
500,2332778.15783554,29550.564,206
500,2390664.32172919,39015.688,226
500,2323565.93499752,20710.533,220
500,2443998.80918693,25469.161,196
500,2876132.01989615,18536.295,260
500,2507321.30878348,19148.47,220
500,2820787.27748848,19394.64,276
500,2486889.68769862,19125.256,252
500,2984937.4476191,25262.337,206
500,2651868.27459668,26399.55,248
500,3083924.42747671,23929.438,232
500,2526350.3946694,27711.58,246
500,2715791.2511432,28136.137,232
500,2728193.71197538,32981.933,216
500,2624685.73262542,25631.398,224
500,2501713.82817543,19603.358,252
500,3070723.36895685,30832.687,230
500,2752224.10396268,16221.085,238
500,2424957.3705313,24364.391,210
500,2957402.46396351,30721.338,244
500,2809892.6853323,21835.452,226
500,2781580.65578077,28460.363,252
500,2720179.50158644,19825.566,248
500,2106276.12972565,26945.841,238
500,2944147.10420471,24258.747,262
500,3174215.81952762,21564.065,206
500,2885334.68086703,21761.802,276
500,3436954.51903629,30555.787,262
500,2681185.12061679,27295.533,228
500,3395028.73065532,19672.968,234
500,3069070.7479208,25277.27,250
500,3588510.55189975,28505.152,246
500,2862178.40294183,23858.343,228
500,2680282.29447338,28307.722,242
600,2654518.05601096,27021.798,248
600,2804567.5928357,33326.367,238
600,3311548.96477785,40119.894,216
600,2357482.26466656,26156.294,230
600,3057150.77056651,32886.066,252
600,3313417.4409987,15835.771,270
600,3265969.13816971,35069.919,236
600,2957413.78868829,23818.126,274
600,2674712.11179383,32658.109,254
600,2344882.23951415,24155.886,242
600,2796294.67768756,26242.082,266
600,3014188.40338296,22872.794,262
600,2793609.19898827,19685.666,264
600,2485532.46339399,31977.563,260
600,2889046.12618175,22766.856,224
600,2386715.81699093,37980.502,216
600,2757051.23898855,28916.91,230
600,2711921.93249768,36467.58,228
600,2949986.94827686,25827.587,240
600,2981616.96727435,34259.612,234
600,2942915.22325464,34092.987,236
600,2646482.31156767,25122.451,214
600,2478407.61099682,27627.581,238
600,2676417.88376074,25464.382,234
600,3195655.17100253,19529.394,270
600,2733900.97912367,26662.415,254
600,3031078.67239075,19452.026,280
600,3056969.09589297,29934.116,250
600,2712056.92477731,22618.759,264
600,2763390.38488268,25373.112,254
600,2744460.01634523,21792.267,254
600,2262660.66870577,26822.353,244
600,3215766.46308335,21571.517,268
600,3402467.94880121,23819.365,210
600,2657954.64728214,29678.868,240
600,2616869.8314737,22467.734,242
600,2404722.02177144,23219.929,256
600,3408905.53073585,22798.079,260
600,2738621.80939582,32520.218,224
600,3044111.67223509,27866.605,218
600,2626453.91796478,26966.041,264
600,2714557.95321379,23523.118,222
600,2638153.94583275,21233.559,222
600,2872507.54856664,16147.284,248
600,2816610.21189196,18330.423,252
600,3553745.16031573,44839.295,242
600,2855820.38196057,27259.387,264
600,2850946.13504069,31044.886,218
600,2612372.07207076,24771.914,242
600,2640750.77488339,35992.139,220
600,2756661.32843436,23650.754,220
600,2711169.49577859,24074.389,230
600,3136407.80618514,35633.672,252
600,2950774.74184735,29297.664,228
600,2804240.93229681,17885.297,232
600,2395257.67148222,19376.965,240
600,2690437.17030507,21174.052,222
600,3115604.94458664,20329.293,240
600,2704041.9266885,21928.331,234
600,2469943.81065507,26288.76,226
600,2746114.67388872,23265.013,228
600,2783586.58577078,25969.928,240
600,2697648.28921989,26819.121,242
600,3132788.03135822,31560.915,238
600,3130507.47115473,39579.854,252
600,2656468.12234598,20906.168,230
600,2618637.44783223,25768.461,238
600,2911654.92919771,27708.329,220
600,2706128.69582919,20178.614,254
600,2708567.24106735,25076.899,274
600,2868059.78248157,34405.847,250
600,2179020.62914536,26338.283,204
600,2598906.66987762,21599.177,254
600,2645522.85868546,27986.115,224
600,3057200.06383431,22685.139,248
600,2691035.46264359,23691.41,256
600,2451692.29064593,23377.617,256
600,2268466.04312724,35395.274,198
600,2238117.89500391,15722.18,224
600,2750434.90811272,25970.675,236
600,2994372.36689352,23267.381,250
600,3027759.33198753,17777.954,250
600,2907777.75511268,29091.312,244
600,2523945.40755682,29840.749,224
600,2941132.91417615,25653.839,270
600,2552504.78637749,23287.671,214
600,2835376.72848353,42506.598,236
600,3231772.86955741,20081.013,284
600,2621957.33921622,25518.445,252
600,2435822.16576892,25585.684,254
600,3193944.43860537,29976.262,238
600,2643400.35073238,28056.158,218
600,2524810.56321944,26564.118,262
600,3044343.16999314,27148.405,246
600,3007486.91043401,27420.664,240
600,3033491.0181738,25919.377,238
600,2631025.77886716,34906.679,236
600,2918990.47532273,23390.749,204
600,2381404.18263866,17701.569,238
600,2382489.08634091,36309.878,256
600,2334381.84929576,29727.363,244
600,3113413.53260073,26334.384,240
600,2209782.95673417,23246.71,252
600,3004756.39415783,24049.741,260
600,2812768.24020793,39667.066,230
600,2386486.60630191,24152.658,260
600,2387935.4323408,17186.623,234
600,2500457.14774269,35659.065,226
600,2848713.2744397,32853.102,270
600,2435253.48198645,27106.647,214
600,3295828.25364256,28510.962,246
600,2557851.77580114,21586.192,226
600,3549726.10115885,18101.035,248
600,2847774.87210891,28093.388,224
600,2846226.95787176,26556.741,240
600,2717835.13300175,21524.806,246
600,2702313.85537185,24722.947,254
600,2361658.99846543,20556.368,234
600,3063374.71791426,20570.047,232
600,2716128.55133546,20344.925,228
600,2364799.66368155,17333.409,250
600,2354755.17073809,21127.654,234
600,2886871.07603137,30493.413,214
600,2651163.0120716,18347.021,234
600,2768289.308025,19720.73,236
600,2573881.86811916,32073.362,200
600,2828972.31899667,20682.72,232
600,2660280.69686216,26460.583,236
600,2754445.1941712,34908.908,238
600,2665419.34883531,30063.963,246
600,2168226.74594739,25079.078,244
600,3071173.07270104,17840.61,238
600,3012725.72825318,46591.194,256
600,2714308.14553798,29762.435,246
600,3423681.07755109,21472.792,272
600,2931525.49810744,26985.292,242
600,3111251.72470549,19773.356,268
600,2439579.84893656,25282.395,222
600,2209367.3811805,18724.96,242
600,2499560.13222861,20281.3,242
600,1737399.49382034,20753.924,198
600,2303188.67476488,25855.049,244
600,2873061.41601103,26751.412,240
600,2478963.79008205,18055.178,248
600,2595090.15829402,31790.906,244
600,3274048.05403038,20776.855,258
600,2867848.09849339,21560.132,226
600,2369503.46602706,27117.147,234
600,3037045.48360914,27758.113,210
600,2427454.40938909,25760.073,208
600,2615112.61158063,25035.61,240
600,2860165.35420279,32242.665,240
600,2480245.63597494,23431.229,226
600,3173765.9401468,27539.726,244
600,2849680.41246066,16574.267,236
600,2466978.53995327,29489.196,212
600,2846417.1983659,20304.979,264
600,2852055.3277019,42847.963,258
600,2824337.11851456,26616.194,226
600,3272696.27936576,18623.072,252
600,3067494.44170405,28747.509,296
600,2794289.7057033,26892.016,206
600,2795785.92974036,22073.247,218
600,2319258.46752472,29776.279,218
600,3362617.18005254,26289.128,252
600,2935502.85977,20163.848,240
600,2837181.92591904,27071.897,242
600,2893977.18645435,18889.604,268
600,2503906.69705812,24267.202,226
600,2909153.26104592,28610.463,266
600,3228905.40515864,23065.043,222
600,2893535.15138997,24272.119,258
600,3064994.15795714,23957.369,238
600,2884185.05992954,33433.242,244
600,2790799.79763218,22695.886,256
600,2731449.84446333,24206.461,270
600,2810908.74888555,22977.988,248
600,2922731.43174437,31899.624,234
600,2774875.26744734,20238.009,264
600,3255805.68182347,17670.574,268
600,2741594.49127739,24080.785,236
600,2630589.97282545,39347.803,254
600,2841160.87070975,25606.846,256
600,3014020.83649628,34109.171,246
600,2699164.59353679,29615.689,250
600,3249893.79156722,26282.42,294
600,3030763.77380722,21665.198,258
600,2969413.47832125,23227.172,236
600,3078541.89661922,31866.172,266
600,3315411.66429039,26214.256,244
600,3203051.83298766,20982.098,276
600,3213123.97256254,27506.005,256
600,2855239.93712184,14025.034,252
600,3006715.97009339,25460.621,214
600,2859863.6137837,17058.363,276
600,3040998.51984927,20998.945,236
600,2932120.40148442,26607.634,256
600,2491210.59130484,18031.25,228
600,3357287.08274684,25690.335,244
600,2728459.46598709,35325.147,238
700,3026183.68622422,23366.321,228
700,2573235.4340027,16844.14,234
700,2813096.18894457,21503.493,258
700,3112242.59890014,25665.429,260
700,2420101.92190533,42271.272,242
700,2447282.93731475,32598.816,236
700,2628580.50824988,17387.119,248
700,2389979.14929909,28927.487,224
700,3097554.00521615,31269.386,248
700,2466455.06161713,28948.839,214
700,2893542.88996023,19777.334,248
700,2849597.31125108,18014.011,224
700,2597211.14412785,16862.788,224
700,2806942.10302278,17196.488,232
700,2775104.34007269,43640.935,246
700,2879676.23447368,20145.679,238
700,2997714.53320336,25034.156,250
700,2629704.62834285,27280.609,250
700,2879235.33550644,28090.296,260
700,3315811.52198429,17736.753,242
700,2794421.41963803,34445.075,240
700,2889735.81094806,33924.858,258
700,2280200.38916164,22452.993,198
700,2859760.04814836,28126.521,244
700,3059084.91955541,22211.191,238
700,3037675.07955093,24557.91,268
700,2737336.61707891,27664.502,230
700,2727274.27653195,17483.369,244
700,2529491.02546075,23184.304,244
700,2330171.98401172,24451.246,226
700,2909368.63147084,37640.135,234
700,2382509.22244145,27661.619,264
700,2647882.40095795,31357.229,248
700,2865465.74843687,25001.257,258
700,3021803.65982808,31405.85,214
700,2525438.2816392,25239.591,234
700,2556174.14270279,29874.547,246
700,2704582.52070985,25535.922,212
700,2477588.36492917,14599.337,222
700,2806628.56588621,24745.917,226
700,2747790.7313114,27778.503,246
700,2642342.2251584,20664.051,250
700,2725579.9656072,18199.95,250
700,3093099.00853539,26158.404,256
700,2641367.18617398,32878.941,194
700,2962871.89679941,28100.825,246
700,3294702.56320224,32921.721,260
700,2823833.70507135,32658.842,286
700,2547974.01584284,38230.891,216
700,2371718.21345865,29476.48,232
700,2613600.24652035,29853.979,256
700,2671022.50070804,24387.062,194
700,2326527.29225135,23130.792,212
700,2827632.33213065,23616.722,252
700,3056945.09013612,21475.754,240
700,3009534.72773473,20378.814,222
700,2621130.54038154,24316.698,252
700,3136042.89303308,18077.795,252
700,3307187.05131254,25532.269,236
700,2524654.55886807,17608.805,238
700,3125874.94921433,16927.931,250
700,3522966.92402006,33293.785,280
700,2878102.62638051,23488.202,216
700,2407873.00671749,25743.402,246
700,2838735.8183281,38876.395,202
700,3121350.95688072,22863.1,264
700,2456344.69721003,26215.168,208
700,2858693.34450369,24149.593,244
700,2559872.39001074,30352.702,260
700,2847429.61446143,41931.512,224
700,2715661.12696368,21260.195,212
700,2917979.04363723,43553.553,238
700,2833189.72077148,27051.807,232
700,2370392.21735289,32042.401,256
700,2364534.22939087,41801.354,220
700,3449318.71082807,25719.575,260
700,2566167.67167363,25676.777,240
700,2641336.11920637,25567.265,240
700,2194947.81583511,24591.903,184
700,2948477.88425257,33098.522,206
700,2756138.88860876,31530.589,290
700,2932343.68359007,28122.225,210
700,2185163.57901837,27472.913,254
700,2883319.72844106,27974.157,222
700,2185375.13258192,25845.715,206
700,2826281.19172392,14529.786,278
700,2899520.92768325,19369.91,244
700,3019231.49533882,59949.912,238
700,2809128.74790773,23036.878,260
700,2239537.75355834,22188.748,226
700,2365431.08055583,21031.937,178
700,2923979.06064731,25907.227,258
700,2807555.23879159,30044.698,262
700,2319496.77305413,30745.315,232
700,2376867.14630598,31138.122,242
700,2820208.40781401,23845.006,270
700,2613327.29820468,23097.371,226
700,2991189.04234035,28013.283,246
700,2247589.40016119,26501.214,218
700,2606373.85158116,30845.344,242
700,3312244.73154079,20975.449,248
700,2321473.88233377,18662.738,230
700,2718926.58177297,19571.406,270
700,2501071.13845317,39595.274,222
700,2968102.5147964,24373.333,284
700,3171232.24197799,26386.804,242
700,3391430.14410478,22146.856,230
700,3284725.30263847,24804.338,242
700,3026409.76658185,19388.577,262
700,2431018.97984418,19251.145,276
700,3237960.93702296,29014.506,218
700,2850619.31225565,25735.159,246
700,2996188.9456946,29030.008,252
700,2618852.26680675,31155.054,216
700,2717435.25812897,23885.229,238
700,2330905.07548534,34889.218,236
700,2560233.00663711,18002.262,264
700,2592951.34564629,19982.998,228
700,2757040.30057025,29101.424,242
700,2772813.10193987,28064.625,246
700,2870439.33426813,20853.374,264
700,2498475.70770046,31867.478,228
700,2727164.92378002,29729.661,250
700,3023700.92324468,25681.442,236
700,2692622.89783159,22327.404,280
700,2660469.42833769,20378.553,248
700,2957788.43174417,17541.029,268
700,2270173.03340159,21291.538,248
700,3355605.20738774,23878.347,226
700,2760135.22144719,24231.171,258
700,2640119.09599187,29879.133,256
700,2382536.86114309,18861.346,230
700,2519889.51379464,23193.643,244
700,2663570.22120233,21651.932,246
700,2658446.97991605,30260.505,234
700,3328696.12012918,28279.763,288
700,2368138.62006167,17588.767,240
700,2992815.54820279,25555.14,242
700,2470227.36246403,28077.475,228
700,2572257.76859356,25965.223,266
700,2321310.53100667,22799.81,234
700,2096242.2863804,30982.628,222
700,2479214.89344542,26714.089,246
700,3443642.83857041,23278.231,270
700,2251349.45040802,31312.882,224
700,2736532.13377741,21591.002,240
700,2927435.43552645,30825.941,258
700,2731127.65684816,22565.978,272
700,2749389.57670375,27221.218,238
700,2882214.57117985,20582.695,250
700,3094484.78357678,32274.664,216
700,2613829.14324057,26499.664,208
700,2767941.53166302,20950.131,270
700,3013130.65758583,30644,254
700,2895806.25404219,22490.556,246
700,2953254.99943676,31977.185,218
700,2437528.4193799,20204.769,214
700,2570025.93340942,25098.723,230
700,2685729.58126119,20854.552,238
700,2700936.50894247,22722.848,236
700,2333714.13176527,24347.6,222
700,2899240.3836434,23932.921,256
700,2923884.52861752,20840.074,246
700,2558872.40501025,35067.434,204
700,2999072.1011453,25322.702,248
700,2688798.34419295,23317.674,206
700,2803496.27237701,34687.572,238
700,2258656.43074093,28468.614,234
700,2808543.6791565,21302.833,258
700,2705433.966771,40230.363,228
700,3000064.57695717,35396.388,236
700,3047943.8194735,26414.002,244
700,3134328.30801842,18420.614,266
700,3325756.50020079,19845.771,264
700,2880657.98749624,16497.75,248
700,2300395.30072567,23129.975,236
700,2377463.98015428,35021.627,232
700,2131635.61614113,34193.185,230
700,2916036.38472461,26304.342,242
700,3107783.74636492,22205.494,268
700,2692744.53315655,31642.941,186
700,2885760.7463391,34684.537,206
700,3056087.47481529,30295.112,218
700,2387174.79148917,28968.881,210
700,3321355.90961623,24595.799,260
700,2940239.69698818,37432.023,250
700,2293871.56012502,23752.893,220
700,3136585.67544613,25272.308,240
700,3052395.0055975,23200.874,268
700,2668705.32976208,20610.749,234
700,2717263.09469415,26459.798,242
700,2184254.016746,24672.775,198
700,2659229.54981858,25181.694,238
700,2738120.39440672,27432.668,240
700,2453970.05710826,22199.272,228
700,3022944.88612077,21943.413,270
700,2588962.77346754,25877.857,270
700,3691359.55333765,29435.514,250
700,2853697.10491202,22566.062,230
700,2894236.22060455,27613.308,228
800,3357350.6331652,32876.962,280
800,2984778.28854232,22886.795,262
800,2541876.10290429,26987.237,250
800,3050975.4536364,20077.927,240
800,2688642.07982528,21342.775,234
800,2706240.57836595,20787.353,240
800,2740972.5418954,25990.709,272
800,2550979.43812024,23488.444,230
800,3060498.51594342,21342.591,264
800,3401146.11693238,26335.231,274
800,2653052.88878198,29271.39,228
800,2916467.87431609,16168.881,266
800,2964490.92996088,23628.471,242
800,2871620.9993048,32710.884,216
800,2519919.16841978,18173.45,236
800,3249745.41200001,18433.248,244
800,2963800.29672307,26805.403,222
800,2655720.68617832,34542.657,272
800,2878710.12319839,29265.796,262
800,2497727.14236327,27870.178,252
800,2698114.9478939,23947.645,268
800,2564603.48621562,19222.098,204
800,2609047.44192106,23907.282,226
800,2368334.52421024,19005.351,224
800,3076708.64105059,20258.773,256
800,2433615.35286124,24330.293,226
800,2325945.68830196,32669.299,232
800,3018946.74065567,32040.637,230
800,2699122.48660945,21898.377,230
800,2418474.26107365,23452.211,256
800,2413076.34594331,26087.667,238
800,2721641.07009418,19634.804,222
800,2285529.27248589,19374.947,218
800,2657625.2244723,19437.43,230
800,2111258.10219375,15743.499,202
800,2553258.16503602,29136.181,248
800,2972953.93262187,23162.35,234
800,2988141.18754047,22610.255,240
800,2419640.50669464,21679.758,236
800,2728223.70112432,25119.819,260
800,2622911.34469776,36305.48,244
800,3325271.74294711,50086.831,230
800,2797699.55350644,32511.867,254
800,2490923.67588276,24033.462,214
800,2929597.89667822,15304.869,276
800,2757938.51993922,19566.47,248
800,2587055.37082995,23646.328,224
800,2639356.02820376,29357.593,242
800,2527737.05848453,20946.228,252
800,2822263.39138899,31689.324,262
800,2448876.28347978,20626.727,232
800,2610873.01428675,28139.976,236
800,2553329.67281394,36241.652,260
800,2612052.38193737,25653.16,196
800,2654728.48415118,18446.501,264
800,2466547.80604624,20657.48,204
800,2482472.09439679,19901.796,284
800,2325679.69643057,17503.372,248
800,2939663.52707526,28550.262,236
800,3120749.89667815,17538.645,228
800,2911205.26173221,31558.711,224
800,3229384.01479269,31644.352,250
800,2844248.23711851,23316.975,242
800,3019209.42268366,15449.371,242
800,2752794.15667777,24828.535,254
800,3327175.22620819,21536.401,262
800,2909501.15128815,29817.089,240
800,2999000.57802185,27125.84,204
800,2751166.19203299,26315.861,224
800,2798905.51895771,26505.967,248
800,2512989.68424465,38359.622,226
800,2663010.02829571,30786.841,210
800,2001270.45629156,20957.594,198
800,2854609.81784437,28910.968,260
800,2392636.12420423,35442.778,224
800,2864247.64115278,32940.156,234
800,2354324.30470027,22457.26,248
800,2622197.57633594,18766.241,224
800,2747221.64696849,43220.795,228
800,2559760.46390782,30911.029,268
800,3114945.48703363,19099.431,282
800,3021743.83360923,21246.035,234
800,3487360.0312657,29497.275,250
800,2528117.94941286,27954.008,264
800,2841837.39883159,20070.596,266
800,2704291.83513409,32479.775,226
800,2734526.11511589,29545.728,240
800,2830593.77495235,31771.054,224
800,2495134.13452874,31602.781,254
800,2663982.11571672,26469.522,254
800,2350213.10627453,41256.482,264
800,3303251.25928437,32987.571,258
800,2480866.18479639,26278.257,226
800,3122673.12480082,32344.904,246
800,2510999.20711683,28103.664,270
800,2984423.30502737,21147.549,294
800,2729388.84208139,29664.141,242
800,2743156.05093088,28697.577,248
800,2989005.5153236,24220.769,262
800,2747438.5582825,15790.057,236
800,2706480.84512084,26779.72,238
800,2289098.57880241,18631.833,244
800,2787560.33124809,21081.452,248
800,3002191.7422261,22982.142,228
800,2837110.81151965,30856.436,232
800,3137747.32368701,25785.5,242
800,2887952.68969019,19831.823,228
800,2613485.34700849,22151.815,228
800,2537426.38150313,39624.908,234
800,3194376.16225243,39616.339,254
800,3012187.20147426,27480.174,250
800,2917791.83173869,29761.497,258
800,2680426.8337436,21304.621,242
800,2748846.90907986,38033.8,218
800,3041179.67387732,37582.601,244
800,3174860.25306693,26550.155,228
800,2704517.92286954,30707.566,250
800,2847796.82068096,17195.609,248
800,2860227.18739203,20870.783,220
800,2450280.03916256,28831.384,234
800,2814406.33393591,20651.669,232
800,2380662.93588839,29889.907,258
800,2877507.44922235,25941.767,270
800,2959382.4029663,28844.052,280
800,2915967.6318038,18419.882,234
800,2608493.25293783,28552.059,262
800,2716805.33643481,25757.952,234
800,3138040.6189652,20812.84,256
800,2571484.96568006,39035.655,242
800,2611958.36497153,23652.848,262
800,2886384.75458721,26103.637,236
800,2884962.10450644,27217.497,188
800,2764319.4704073,18240.971,236
800,2905219.0212081,23704.595,238
800,3021481.05075988,25052.388,272
800,2502584.06608747,28714.718,222
800,3037860.49974449,20683.338,288
800,2685561.2925367,26110.867,248
800,2929185.19814485,22302.999,280
800,3012419.26755459,36403.818,214
800,2912751.16338872,20370.586,266
800,2448666.55614591,24671.721,244
800,3122945.39764338,19528.959,246
800,2677707.8763525,25131.328,258
800,3324637.63160915,26496.615,262
800,2880796.73105624,31972.344,256
800,2738631.2604782,30759.063,216
800,2671290.42122697,19368.384,242
800,3095398.19042552,28674.269,232
800,2332918.45017334,24730.234,228
800,3359078.15193676,21214.733,266
800,2759574.93957316,21922.562,220
800,2634948.06867948,22467.308,220
800,2865453.16396552,20958.341,222
800,2869373.79453234,39816.613,278
800,2577400.14322111,30186.295,244
800,3480854.14070272,25175.502,252
800,2650425.69603524,33171.787,270
800,3054452.76724489,25980.222,208
800,2651104.15348025,28249.936,268
800,2601190.9974359,23972.068,242
800,2832735.98657404,35212.419,228
800,3227862.71721668,21669.136,254
800,2710619.21875121,13116.449,232
800,2674342.82423824,30628.652,234
800,2989122.08760032,29577.602,218
800,2714973.3093373,19693.711,218
800,2997924.32279066,19460.235,258
800,3268311.97379127,23151.221,264
800,3069317.55204634,33278.692,248
800,2590051.09586398,26541.726,222
800,2619301.35438351,22375.942,228
800,3070652.98079444,23220.311,230
800,2920887.96144204,33938.632,242
800,3080037.68594794,18673.732,220
800,3347595.11051474,26062.493,240
800,2936897.84225877,27191.58,264
800,3072634.21739569,22424.602,258
800,2292116.13254695,22081.938,238
800,2737492.42891617,22469.277,274
800,3335763.13151811,30326.523,256
800,3064372.02171276,24284.451,258
800,2623933.232792,20373.337,224
800,2514161.88051344,23384.607,218
800,2683690.01311536,32388.855,208
800,2772427.45493266,20317.123,226
800,3018653.02739925,32484.094,246
800,2837352.12957516,21955.679,234
800,3647005.33627327,15361.427,312
800,2648852.47513836,22279.933,234
800,2413734.27058335,24739.815,228
800,2582348.44434405,33611.729,246
800,2443999.4001372,31204.566,246
800,2668543.50393641,27599.776,246
800,2553796.73675866,22334.38,240
800,2442460.08605218,24658.926,280
800,2394683.29746921,22217.81,186
800,2773763.19437804,26793.6,220
800,2421318.95663272,23443.944,198
800,3827413.50468138,15988.068,264
900,2509824.07531849,18835.013,242
900,2588432.84484512,22225.852,198
900,2792158.79305081,27450.416,280
900,2941496.76125783,30386.008,268
900,2494685.77034739,24106.58,226
900,3089104.87453708,30958.267,244
900,2656723.33076677,28275.313,224
900,2492206.43336468,19599.443,236
900,2596279.3726668,31250.93,246
900,2808730.96775772,30800.085,252
900,3280750.27243963,22343.288,270
900,2524026.18160855,40874.828,252
900,2677593.17372686,19846.654,226
900,2856311.4265477,39237.446,258
900,2852291.38159431,21812.04,228
900,2905913.82093539,24131.309,244
900,3305621.62665032,19977.277,252
900,2670488.79557021,27401.191,252
900,3031244.58025489,22096.269,254
900,2741172.46625805,22290.591,220
900,2213804.76062802,29283.906,246
900,3028149.02441298,15907.579,258
900,2719145.39751103,19478.47,240
900,2663156.66132941,27663.408,242
900,3096054.13420926,26493.768,228
900,3113384.09085532,26856.312,258
900,2423968.96741372,16919.369,268
900,2954262.84262217,28244.176,264
900,3211856.89852725,27325.455,226
900,3164910.15763029,27811.663,292
900,3176777.04354727,36145.931,262
900,2453348.07629783,22682.474,216
900,2899705.73340556,20625.337,232
900,3280658.97235525,30812.258,218
900,3150411.65549597,24163.184,246
900,2458870.51908091,32278.113,238
900,2862007.57915228,20631.976,244
900,2775101.9505605,27739.152,248
900,2859892.67271028,21731.567,228
900,2648466.3660606,22248.83,232
900,2316666.48122274,24935.27,232
900,2502951.60960401,27863.248,264
900,2713322.09983293,24236.856,274
900,2256737.01575247,21171.209,210
900,2899478.58757975,32130.655,244
900,3074946.26995644,39571.786,240
900,2788736.42705795,43030.96,226
900,2912474.13190316,35963.523,236
900,2452380.00227998,27180.414,264
900,3026486.31420449,18690.644,260
900,2527625.89893243,22708.775,228
900,2508440.16474052,28653.713,216
900,2831255.43334629,28319.434,234
900,2556420.27143187,23156.738,236
900,2679136.93454343,25671.237,240
900,3465355.72397791,23852.489,242
900,3150566.36922167,27590.584,262
900,2739546.79444221,29429.137,266
900,2349244.17602344,25100.673,236
900,2628988.49654123,19608.627,214
900,2902818.88694287,29365.219,268
900,2474517.90726372,21558.757,226
900,2592078.54156216,19545.603,274
900,2745808.25665221,20077.171,224
900,3244480.42336226,28205.934,250
900,2559683.67849587,13265.484,232
900,3469576.87521912,30891.506,298
900,2889583.99945423,18728.947,244
900,2783328.83277938,20256.469,230
900,3547706.74016019,21036.449,234
900,2645098.94119079,30337.258,200
900,2902454.42778937,21182.296,248
900,2741509.97733542,33772.173,240
900,2848500.22461592,23044.709,222
900,2542744.59242447,21294.197,250
900,2732014.00538054,26901.176,228
900,2796550.27008066,31558.882,244
900,3001393.38485336,26475.3,268
900,2579384.47655419,26421.301,242
900,2848965.01936459,24665.639,256
900,3134832.51708844,29646.867,252
900,2675453.88653739,23506.066,250
900,2123231.04796314,22723.721,194
900,3197176.5599608,24945.757,240
900,2561232.48604407,26496.658,244
900,3457444.75532412,32119.262,240
900,2519923.68834947,31797.136,238
900,2389777.73974009,21323.305,230
900,2152495.46122638,31662.697,202
900,2767153.74529406,29793.952,276
900,2801670.07586022,24458.805,244
900,2326715.25823629,23382.096,226
900,3034965.15964107,26343.458,242
900,2401797.74014174,24462.933,236
900,2973848.22900875,24513.328,254
900,2593499.48737949,20380.96,212
900,2715788.33093861,31927.365,216
900,2925706.12950278,33170.052,230
900,2576193.80523805,21324.007,220
900,2702127.04645828,22998.471,260
900,2668442.26300758,19203.256,284
900,2523834.68489534,26779.686,300
900,2499019.96979083,18659.373,220
900,2776209.54255483,26842.583,232
900,2572139.25446285,23388.255,234
900,2990684.68770037,29054.989,228
900,2681945.72969039,26553.821,264
900,2735372.51156824,27049.186,246
900,2552045.48607642,24850.145,220
900,1916453.73522212,29867.391,220
900,3387293.56883224,13428.516,266
900,2715471.44460384,16480.497,224
900,3033757.28929619,30061.108,250
900,2979002.08218597,25411.792,238
900,2700861.51639142,24573.158,198
900,2771871.12602614,21885.206,284
900,2931729.77425822,22616.106,256
900,2865964.57544898,36582.449,238
900,2040482.37272417,25402.415,198
900,3291787.36743211,30920.963,236
900,2390404.17154396,23082.905,238
900,3191204.37065438,21802.751,226
900,2599866.94172321,25697.208,224
900,2303487.88055257,23361.155,232
900,2953789.62920959,24098.749,270
900,2629721.17958025,21033.055,236
900,2247904.28768716,16927.338,242
900,3109992.20328976,26109.026,256
900,2472098.05309589,26922.389,240
900,2622590.63626858,26891.599,246
900,3211583.92937077,24232.396,252
900,2844108.5706908,18435.708,238
900,2690308.02822159,15288.761,204
900,2822440.82053243,18120.592,242
900,2708047.15241474,25379.074,230
900,3043209.39924527,26276.585,214
900,2944031.4466754,31801.912,260
900,2596900.90355182,20583.286,230
900,2802496.40784575,39146.265,242
900,2882782.65235809,37632.371,216
900,2555073.82019993,26387.71,240
900,3266365.23127071,23362.09,208
900,2485065.73558643,32816.995,240
900,3345361.52621,18402.747,236
900,3019734.74763603,21207.511,216
900,2763787.1610837,16541.041,228
900,2181487.9223716,27966.474,220
900,2627212.59909524,21050.121,258
900,2444839.89158179,26788.668,274
900,2868143.10330416,23293.085,228
900,2339366.28101111,28916.195,246
900,3041847.39264077,16438.082,260
900,3020139.53061145,30571.475,242
900,2978686.4514588,21866.558,242
900,2615171.74930133,32611.505,266
900,2740817.56510442,21962.123,224
900,2867344.84811508,22940.649,242
900,2830867.6087506,22072.392,246
900,2537230.80956691,20182.398,252
900,2806404.91858208,24314.445,252
900,2681758.01849474,46512.74,244
900,2521252.98413458,27436.185,224
900,2972765.44930749,15581.771,240
900,3027417.55072485,28633.39,254
900,2699177.61971944,29507.717,242
900,3024225.19609575,29851.497,248
900,2979579.29604081,17477.519,264
900,2910038.6491596,28237.295,234
900,2600364.13340551,34288.473,214
900,3251209.40342972,26144.207,270
900,2773913.74735507,39747.015,206
900,2586662.68688152,19900.221,240
900,2392894.92933339,25513.982,192
900,2993038.10474294,25557.406,244
900,2951140.2937413,22374.901,274
900,3235713.3741343,22434.211,248
900,2650505.582998,24914.162,250
900,2229398.8730779,23337.09,222
900,2500102.99005011,18455.401,232
900,2635782.26074094,27613.592,262
900,2645110.80019178,29305.27,248
900,3175311.96819092,27109.491,228
900,2929216.82936351,21179.426,256
900,2411152.37401335,18482.281,228
900,2567975.54770143,22282.187,238
900,3471364.64967054,22867.228,288
900,2465689.23869773,31769.155,224
900,2723607.35668428,24423.977,228
900,2618615.68531038,25195.013,236
900,3019069.95290833,24701.423,268
900,2517620.88606594,25438.496,228
900,2612968.62468374,24837.923,220
900,3048825.62251126,26544.227,260
900,3028253.58070437,19917.633,286
900,2726091.20132995,34819.876,230
900,2632880.77312898,17322.022,244
900,3044696.44232449,23935.076,262
900,2444291.15365547,27481.988,220
900,3016177.53699833,24566.804,256
900,2718113.52268996,28491.203,244
1000,3108484.75382527,27904.207,214
1000,3101254.93426094,21608.258,238
1000,2464037.91904823,16104.284,194
1000,3028286.00072677,30594.994,256
1000,2631163.48281706,26299.321,262
1000,2877194.63347663,24970.351,200
1000,2985114.0900021,26910.332,236
1000,2870295.88636832,17840.978,256
1000,2714350.88943894,15713.079,268
1000,2874179.00581965,26986.563,270
1000,2461279.18062489,21195.786,256
1000,2798120.83317335,21402.018,244
1000,3077867.02617731,20713.958,264
1000,2829359.73713588,28241.041,224
1000,2783874.30654199,22858.442,264
1000,2382757.63830868,27074.172,240
1000,2921272.9673805,28340.605,262
1000,2998378.08973646,30557.212,264
1000,2521594.8324729,30610.558,204
1000,2289196.33735318,24407.486,232
1000,2879555.5489941,31150.713,246
1000,2414379.34941404,24176.47,216
1000,2628626.62200078,27700.259,236
1000,3461367.52281792,48404.198,270
1000,3044391.78985231,22238.345,234
1000,2888853.30477212,19181.209,264
1000,2949267.13534501,21739.448,252
1000,2802246.2857727,18838.734,230
1000,2920235.38971537,25770.486,238
1000,2764281.15729269,39531.028,268
1000,2946794.30034535,19572.217,250
1000,2988007.81773056,22706.557,248
1000,2922615.20675234,35812.03,224
1000,2884604.40488259,33393.887,236
1000,3109134.89655334,25423.718,222
1000,2911783.45792397,19769.446,234
1000,2725852.16352531,29312.784,234
1000,2657456.63471824,26668.54,260
1000,2795479.51327046,27096.511,202
1000,2778240.70873098,25603.645,242
1000,2759941.73617608,37140.661,250
1000,2489214.88541373,22560.512,270
1000,2537661.69551951,34774.069,238
1000,2283313.37464782,18031.937,216
1000,2649512.0056576,27974.827,248
1000,2992859.04583507,17737.669,232
1000,2930264.08894802,25637.922,266
1000,2925686.08839114,23743.203,282
1000,2211550.63218034,23906.752,266
1000,2766855.96382079,20041.814,248
1000,2554675.77617401,25266.604,254
1000,2528744.44070733,19192.526,240
1000,2584471.86078272,23008.17,254
1000,2681726.13498235,19174.53,214
1000,2629443.73567201,38674.172,258
1000,3201852.82566354,18460.983,254
1000,3228072.03867702,27580.057,214
1000,2835528.57837399,27199.069,246
1000,2865521.70201008,20056.375,274
1000,3321293.53263313,23861.553,284
1000,2398562.54797076,23949.5,228
1000,2786954.6641471,22672.571,242
1000,2588306.30251637,30646.825,278
1000,2948882.631671,16399.38,238
1000,2496393.71474575,29049.319,250
1000,3299013.77054735,31111.692,224
1000,2854424.0943838,18070.851,246
1000,2506421.00670642,28300.372,232
1000,2905903.80849993,20719.239,264
1000,2794231.35774072,25193.493,248
1000,2220976.56560877,23545.441,234
1000,2509820.2945801,22329.386,224
1000,2886315.11691455,33791.672,256
1000,2510886.18596362,25541.599,236
1000,3217942.22166929,25151.92,238
1000,2997758.25853679,20152.543,256
1000,2830336.07690135,37910.238,256
1000,3271610.12111905,20132.811,260
1000,3193062.81797588,23596.46,248
1000,2507700.54581591,22972.409,236
1000,3023081.48566449,30006.428,228
1000,2495280.14844353,24227.819,222
1000,2864482.73074591,14558.788,206
1000,2993102.19092508,22867.739,252
1000,3172519.10034315,26466.839,262
1000,2956166.13416115,17333.771,268
1000,2607778.60531014,29782.428,224
1000,2501438.06672215,34429.317,242
1000,3113892.37089841,27829.331,264
1000,3145628.46763638,26111.461,250
1000,2845621.69037116,21138.587,260
1000,2936316.53447044,25650.312,280
1000,2639988.41551687,27447.734,278
1000,2377874.95067042,27642.217,216
1000,2437545.55157808,21765.144,230
1000,2385019.24075511,33556.909,198
1000,2730956.58510249,20639.572,234
1000,3806116.96046487,27255.302,252
1000,2622294.56943404,24601.538,260
1000,2647301.62651019,22965.608,224
1000,3105339.32723409,23747.351,252
1000,2876436.77095543,30186.483,272
1000,3272472.96339702,29943.605,258
1000,2816345.58284921,22868.062,256
1000,3013220.20644508,18754.216,254
1000,2259378.11639028,36104.155,208
1000,2849671.88654084,28493.546,254
1000,2748873.21755442,24425.837,232
1000,3104882.82980446,20304.296,274
1000,2706303.75285943,29259.031,268
1000,3144915.29284956,27630.019,290
1000,3067501.70747903,21965.392,240
1000,2604172.4452296,31046.663,272
1000,2365307.0283606,23141.617,262
1000,2632065.04398453,27548.266,210
1000,2361724.77915018,20633.816,240
1000,2831666.43690021,24289.87,312
1000,2979059.16486151,22596.395,228
1000,2411033.59890775,26320.614,218
1000,2664043.26415891,30751.885,252
1000,2694953.1256705,34264.234,260
1000,3274769.3084291,13571.272,236
1000,3044891.72847532,24446.891,240
1000,2798825.29015237,27028.201,240
1000,2236160.63724348,28069.264,212
1000,2206187.81539768,27080.194,234
1000,2874756.75896055,21822.319,270
1000,2208901.80667274,37277.485,192
1000,2992863.02913508,25430.996,240
1000,2911803.68130747,17405.019,198
1000,3177063.77903264,25949.249,242
1000,2328161.19768755,22899.804,214
1000,2873651.9002825,26365.171,240
1000,3371067.15127407,37037.178,252
1000,2587927.0827397,41325.445,214
1000,3481462.53770735,19720.682,248
1000,2425816.48026497,31583.957,224
1000,2896722.29304779,33841.296,232
1000,2668366.32929647,26023.39,244
1000,2851500.95936863,31761.38,250
1000,2667662.49681268,28738.481,234
1000,2748915.77226549,22517.821,238
1000,2904846.07959387,41694.173,274
1000,2567167.93940294,25424.4,234
1000,2366887.24072057,29941.124,216
1000,3117229.24854798,14461.756,292
1000,3145251.25851424,26533.336,226
1000,2863471.35605374,23194.784,244
1000,2769336.56350535,32241.502,222
1000,3100358.17398936,33540.534,238
1000,2731710.96842025,21520.322,242
1000,2283662.56484904,19412.291,208
1000,2229542.94989968,23291.251,246
1000,2688735.25725147,31767.133,198
1000,2927621.98449009,31897.455,232
1000,2695552.40548455,27540.967,260
1000,3038109.03713473,34146.455,260
1000,2705170.97047049,21436.963,220
1000,2626531.29172493,24823.841,216
1000,2848905.63393838,26767.38,238
1000,2973288.42174661,28368.047,268
1000,2607401.1718345,28768.861,240
1000,2760359.66099536,16564.341,260
1000,2929032.29446604,26485.78,220
1000,3023347.98657915,23886.445,248
1000,2884054.90595939,23196.95,262
1000,2279489.89571969,41706.053,234
1000,2834662.46839358,19451.167,252
1000,2451398.39137012,29445.676,282
1000,3003981.79890246,21814.416,280
1000,3050111.98630085,41478.508,242
1000,2289923.51465555,21496.512,212
1000,2366561.179894,25524.71,206
1000,3442713.57717519,42141.191,270
1000,2312116.83451989,29676.046,208
1000,3654475.94652498,19154.884,244
1000,2825911.23865704,21024.576,236
1000,3000015.33964691,22356.645,252
1000,2399515.33259868,21074.948,254
1000,2829969.83044592,21278.333,242
1000,2883213.52310591,27579.195,256
1000,2615822.78781349,25863.543,244
1000,3098829.13434219,21052.216,234
1000,3125586.63536033,23035.907,230
1000,3050761.51713713,27415.884,258
1000,3095504.4139294,36309.581,246
1000,2719805.71753096,21979.78,242
1000,2688778.41834828,24532.576,220
1000,2551709.00670314,29416.988,268
1000,3055578.65224658,25002.503,264
1000,2578681.97481324,21957.242,252
1000,2323633.28993773,35177.872,220
1000,3005691.70043113,26034.962,254
1000,2288467.77736597,26334.871,238
1000,2772462.8522007,24491.502,240
1000,2603173.16671275,26106.118,260
1000,2548268.4825661,29595.51,204
1000,3022704.74868854,22342.661,278
1000,2069902.09108856,23687.028,202
1000,2943944.56548367,19635.165,264
