0.0, 2498956.773314056, 23.1588, 190
0.0, 3215321.721136687, 17378.7470, 192
0.0, 3215166.070313729, 19887.3160, 168
0.0, 2470547.696433672, 18099.4650, 186
0.0, 2643160.4352849047, 27255.3800, 180
0.0, 2671744.629170786, 16856.6240, 174
0.0, 2941326.99778805, 14865.9010, 160
0.0, 2463460.7978136856, 21085.9340, 194
0.0, 3085436.374829676, 26884.6470, 188
0.0, 2482690.6806066055, 31572.0610, 166
0.0, 2847164.2666896866, 20239.1990, 180
0.0, 2690080.588891198, 14965.2660, 186
0.0, 2830307.384156381, 17843.3790, 180
0.0, 2362409.5906437016, 20247.5720, 186
0.0, 3141979.4360538204, 21984.6570, 186
0.0, 3244716.8360715196, 13934.2040, 190
0.0, 3473513.5983007597, 25544.6170, 196
0.0, 2919799.415056751, 21273.9950, 192
0.0, 2904323.117496385, 20061.9490, 178
0.0, 2750855.58411439, 19566.8210, 176
0.0, 3298158.783794034, 23767.8780, 184
0.0, 3364224.1761104013, 23811.6510, 194
0.0, 2881245.803549274, 28013.6130, 184
0.0, 3054609.3018663987, 18233.1860, 192
0.0, 2910520.450588074, 17189.8110, 192
0.0, 2755275.1150563043, 26355.2980, 192
0.0, 3126891.0946123907, 24705.4670, 208
0.0, 2680983.8011937, 32298.3660, 178
0.0, 2874283.2063110047, 22903.0280, 200
0.0, 2960978.748621966, 25385.6470, 180
0.0, 3133629.0271066152, 23551.7440, 190
0.0, 2982126.9948508097, 14219.4110, 184
0.0, 2942530.232886537, 15984.0600, 202
0.0, 2408294.5565147004, 20209.7390, 162
0.0, 2366325.465472084, 17214.2600, 178
0.0, 3135800.5449954043, 29869.5400, 196
0.0, 3045594.0917216833, 16967.6930, 186
0.0, 3120226.665831844, 25914.7720, 174
0.0, 2839019.1976126586, 17234.8980, 176
0.0, 2927706.0745174615, 17032.1350, 192
0.0, 2947749.6015052125, 16717.8110, 176
0.0, 2604732.305928788, 19719.6390, 184
0.0, 3290099.209023284, 33025.5200, 170
0.0, 3099820.5220799884, 23486.9300, 178
0.0, 3416644.506701018, 24270.4810, 198
0.0, 3182405.79643965, 22544.1260, 190
0.0, 2930392.841578396, 19036.4710, 186
0.0, 2532382.5191252264, 22883.3340, 180
0.0, 2936062.072685454, 19195.0570, 192
0.0, 3471388.8543983023, 27651.5090, 192
0.0, 3490761.412778855, 18638.8010, 184
0.0, 3141997.8749398994, 27208.6820, 200
0.0, 3351953.510837575, 33751.2140, 190
0.0, 2831222.8447775287, 18708.0790, 180
0.0, 2895901.9561436125, 21907.9800, 188
0.0, 2877786.8260285, 30138.1720, 182
0.0, 2965180.323522299, 24757.7870, 206
0.0, 2741647.4742927263, 17866.4000, 178
0.0, 2592401.1644714815, 18818.4980, 190
0.0, 3468322.752833963, 37321.4460, 190
0.0, 3015135.7900317907, 24250.8520, 184
0.0, 2890137.2538503245, 25570.7800, 176
0.0, 2678508.210049549, 22865.4290, 162
0.0, 2714737.036992364, 13246.7720, 192
0.0, 2847514.4448652794, 19813.3260, 200
0.0, 2677969.8314561257, 21174.0780, 208
0.0, 2603699.2941677663, 18430.7740, 180
0.0, 2344438.0403420115, 19715.4790, 180
0.0, 2994118.087462515, 20305.2750, 194
0.0, 2660393.5802155253, 18274.8310, 184
0.0, 2332125.84459773, 10832.2300, 176
0.0, 2744399.4742121515, 25348.7070, 178
0.0, 2843927.1491572163, 26725.1180, 198
0.0, 2616279.2751368084, 19243.8790, 186
0.0, 2990861.9881267324, 19338.0760, 196
0.0, 3278642.4044367885, 18814.2740, 194
0.0, 2774495.9076322676, 20749.3530, 196
0.0, 3050669.144411173, 18788.3290, 194
0.0, 3722076.598530929, 25533.2240, 202
0.0, 3314500.517267019, 15097.3620, 200
0.0, 3220933.3822108684, 21000.4030, 196
0.0, 2787083.90608142, 27023.7830, 178
0.0, 2428961.425893594, 30875.6480, 198
0.0, 2798820.193501504, 27480.1490, 180
0.0, 2458105.5985334353, 18890.6800, 188
0.0, 2618892.9428084246, 16094.8890, 178
0.0, 3406380.672695349, 15854.2110, 184
0.0, 3188359.152197426, 25068.2780, 194
0.0, 3043016.0463112956, 35917.2610, 186
0.0, 3425338.02973622, 37100.8070, 204
0.0, 3104104.3142159465, 20374.1710, 192
0.0, 3298814.7116141664, 26032.7630, 192
0.0, 3328807.069887674, 14169.7490, 190
0.0, 2899875.0669833836, 37764.4660, 184
0.0, 2700697.5752492426, 32140.2820, 190
0.0, 3537533.0602877378, 33362.8510, 196
0.0, 3244848.570577935, 27330.9660, 194
0.0, 2735410.879902241, 17350.5040, 182
0.0, 3440627.8106905785, 13854.9570, 202
0.0, 3155719.2813884835, 12569.2840, 196
0.0, 3569960.3016585307, 23188.6640, 212
0.0, 2733936.8125766767, 26042.8370, 184
0.0, 2742658.7184173157, 21150.0500, 190
0.0, 2476920.1686566668, 20702.5060, 176
0.0, 3061486.639183018, 40259.0870, 176
0.0, 3212972.371722477, 30878.4260, 184
0.0, 3159805.217099941, 31733.7640, 184
0.0, 3064253.8668857953, 33281.0640, 190
0.0, 2880910.9090286694, 28160.3730, 194
0.0, 2557220.83607781, 26346.1270, 178
0.0, 2524752.6915565967, 19686.8510, 162
0.0, 2334767.0254172687, 27321.6520, 182
0.0, 3164165.207607464, 19049.6600, 196
0.0, 2980424.8632805035, 23365.5760, 190
0.0, 2756589.5491939248, 16968.8250, 186
0.0, 2856062.195250923, 20091.0100, 180
0.0, 3088090.734177027, 23166.4900, 210
0.0, 3125615.573110846, 20546.8720, 200
0.0, 2848159.591772657, 19523.6570, 184
0.0, 3175512.589055765, 31025.3510, 190
0.0, 2592594.079173942, 22438.2610, 186
0.0, 2720577.9139456614, 28542.8830, 188
0.0, 3050143.416308025, 26822.3300, 198
0.0, 2427231.4695537575, 19141.5330, 174
0.0, 2873189.9016314605, 20134.5420, 182
0.0, 2971059.2951349863, 30640.1300, 188
0.0, 3133601.3222201783, 29226.8640, 178
0.0, 2820523.4587815683, 29008.8880, 172
0.0, 3449385.7747333, 18956.3460, 188
0.0, 2662761.8960057, 14360.8560, 182
0.0, 3191779.4654896404, 25122.7970, 198
0.0, 2591804.865072899, 22391.6120, 184
0.0, 2820497.7890687548, 23492.6360, 192
0.0, 2958504.6682269243, 17236.0500, 188
0.0, 2554174.692603679, 21145.6310, 180
0.0, 2574289.971132456, 23256.1360, 186
0.0, 2378842.665808397, 15407.0930, 184
0.0, 2993798.544292848, 25593.5820, 194
0.0, 3011502.8310394394, 16570.2960, 174
0.0, 2537347.0089407857, 26219.1490, 168
0.0, 3257389.528984963, 15955.4920, 180
0.0, 2942689.5519999736, 18907.6190, 178
0.0, 2731961.6380699365, 21444.5850, 194
0.0, 3362050.744289956, 29794.5080, 192
0.0, 2937170.766621352, 14989.1570, 196
0.0, 2919317.5248420127, 16929.7840, 186
0.0, 2926537.35393396, 20862.2780, 184
0.0, 2602471.7191146086, 21697.9300, 180
0.0, 2145298.3198231175, 21320.0700, 178
0.0, 3375273.3668345003, 22920.2920, 204
0.0, 3171276.098164063, 15180.5550, 208
0.0, 2855276.2078419453, 17724.1130, 196
0.0, 2550775.3489352143, 24233.0640, 176
0.0, 3262914.971971435, 18153.8830, 186
0.0, 2894233.6507180044, 27468.1840, 178
0.0, 3151325.299770454, 14208.5860, 200
0.0, 3599074.423592587, 43432.4880, 202
0.0, 2660425.8577124127, 11335.8550, 160
0.0, 3166919.5740374303, 30832.8800, 196
0.0, 3770177.808174622, 29611.9680, 202
0.0, 2527480.372820591, 14194.4130, 172
0.0, 2752847.6787940743, 25453.8420, 182
0.0, 2568729.8482645126, 17311.2870, 180
0.0, 2877898.4995604125, 21124.2510, 190
0.0, 2761577.191201509, 17496.9230, 188
0.0, 3331469.974484226, 18850.5810, 194
0.0, 2785928.6923886635, 17383.5670, 190
0.0, 3010838.4775878387, 21646.9370, 198
0.0, 2788354.0780340726, 20565.7270, 176
0.0, 3413585.9843611545, 16666.9890, 196
0.0, 3499421.7382451813, 27326.6360, 204
0.0, 2464785.0531701846, 28594.3950, 202
0.0, 3206807.220429529, 31813.3480, 196
0.0, 2977923.03734238, 12730.5490, 198
0.0, 2829355.5907202014, 21450.5160, 196
0.0, 2972702.8352559204, 18805.9320, 198
0.0, 2847970.7321742065, 14041.3910, 192
0.0, 2893916.4517485444, 17685.2140, 186
0.0, 3244396.0999163585, 19423.4550, 200
0.0, 2823565.652044617, 20231.0170, 186
0.0, 2988611.157032109, 26477.8370, 192
0.0, 2766904.0023692846, 20442.0900, 180
0.0, 2845804.0420249025, 29775.9030, 186
0.0, 3553531.6038082466, 16316.7660, 190
0.0, 2354940.9472105936, 21027.4740, 174
0.0, 2430443.4361525564, 20368.9570, 176
0.0, 2404096.491750021, 18583.0770, 174
0.0, 2982832.835707602, 14758.3090, 184
0.0, 2982520.110071025, 34212.7290, 196
0.0, 2897736.54571787, 21275.3110, 196
0.0, 2984191.996167919, 18511.0880, 182
0.0, 3526854.2396087977, 29410.4870, 186
0.0, 2901062.007257308, 24897.9650, 194
0.0, 2723973.8052865495, 19998.3690, 180
0.0, 2933078.8715720936, 27089.3280, 194
0.0, 2805470.097679559, 17432.9710, 164
0.0, 3013206.0391998915, 12047.5470, 192
0.0, 3087762.9381751646, 20061.4140, 188
0.0, 2877410.917890314, 23449.1520, 194
0.0, 2421710.9477579817, 34686.5680, 154
100.0, 2583340.703102446, 15272.1160, 186
100.0, 2593183.7545130206, 19150.0510, 182
100.0, 2165103.572162735, 21975.7760, 188
100.0, 2822375.440375175, 22845.0860, 189
100.0, 2990881.2502207225, 18562.1640, 190
100.0, 3198873.8340312946, 25706.6240, 199
100.0, 2830095.11134963, 23949.9950, 192
100.0, 2806810.4354642676, 20316.5760, 175
100.0, 2575672.969864186, 24045.3220, 176
100.0, 2894990.476144152, 24878.8990, 188
100.0, 3320615.512827131, 22176.3250, 190
100.0, 2580577.226568406, 30421.0310, 188
100.0, 2922368.269015844, 28458.7230, 192
100.0, 2841755.499908012, 19107.3040, 186
100.0, 2493694.663127719, 27213.1960, 194
100.0, 2866230.9929324747, 36611.4560, 209
100.0, 2573009.8825529553, 31819.5350, 178
100.0, 2523518.6406210796, 26960.9500, 206
100.0, 2848615.6478843344, 25974.8580, 180
100.0, 2999361.2730145575, 27499.8700, 190
100.0, 2608784.829653001, 19480.5650, 188
100.0, 2620411.766544391, 18821.5830, 199
100.0, 2165413.0663767704, 25947.1730, 166
100.0, 2182929.4195148693, 15260.2570, 178
100.0, 2775694.7352664317, 30296.4820, 196
100.0, 2782516.5090940236, 16273.0600, 186
100.0, 3021497.7314142007, 25089.8180, 172
100.0, 2645922.773262558, 20324.0020, 174
100.0, 2590529.1388501655, 19677.5630, 195
100.0, 2895775.8965563662, 19037.7730, 176
100.0, 2440602.00177125, 18267.9260, 184
100.0, 3197737.6009313944, 34135.6830, 170
100.0, 2930329.719420675, 25990.7720, 181
100.0, 3016064.609754188, 32062.7870, 200
100.0, 2771007.303574623, 22117.2880, 193
100.0, 2596767.619111719, 17985.4060, 190
100.0, 2376717.115172551, 20352.0780, 180
100.0, 2446870.500392767, 23654.2410, 198
100.0, 3229198.2673157086, 31778.7760, 194
100.0, 3109501.165767663, 24164.1230, 190
100.0, 2826436.545217673, 29182.0950, 200
100.0, 3452772.5730609135, 30396.5540, 183
100.0, 2483532.5778682865, 17782.0480, 184
100.0, 2531151.7401523967, 24016.3310, 192
100.0, 2563345.5715986346, 34192.8970, 186
100.0, 2676797.9873067024, 30198.9840, 206
100.0, 2414115.6388355996, 18516.1890, 183
100.0, 2265346.286401406, 20318.1120, 194
100.0, 3298086.040075422, 41140.8140, 194
100.0, 2815902.574528024, 26664.1700, 186
100.0, 2739278.533120149, 27677.5510, 178
100.0, 2575036.103074928, 24961.5240, 166
100.0, 2296697.839821265, 19915.9850, 192
100.0, 2789192.507152236, 24241.5210, 197
100.0, 2310675.4416067153, 25670.4910, 209
100.0, 2202473.7149289567, 20950.7070, 183
100.0, 2212972.5750722406, 25505.0570, 182
100.0, 2608585.008871779, 23915.0390, 198
100.0, 2386357.8561780117, 23432.3090, 188
100.0, 1858050.0552175434, 17366.3720, 182
100.0, 2426345.808295075, 26911.1370, 185
100.0, 2541069.68889409, 25835.4460, 205
100.0, 2330330.6742162197, 20195.2380, 186
100.0, 2568403.9067218043, 21359.8910, 200
100.0, 3052508.1040846673, 18187.3800, 190
100.0, 2452320.0603224514, 25780.8560, 198
100.0, 2709859.684888968, 23167.8430, 197
100.0, 3573250.7811498106, 22760.3810, 201
100.0, 3024917.6006730334, 16543.3790, 200
100.0, 2918433.8740330995, 27892.9380, 198
100.0, 2681294.2033496206, 28459.7810, 180
100.0, 2313772.447107312, 30202.8640, 196
100.0, 2620346.85027643, 26894.0810, 178
100.0, 2109863.8774855365, 25478.3680, 192
100.0, 2427436.7226012573, 21514.4670, 182
100.0, 3093241.6982527087, 18344.5390, 190
100.0, 2931884.330537076, 26412.3430, 196
100.0, 2683963.8662665403, 34668.2480, 192
100.0, 3171373.9856983838, 34232.2520, 209
100.0, 2790851.254932684, 25131.3820, 195
100.0, 3192317.4377683657, 33589.0690, 193
100.0, 3187248.795916535, 13834.6510, 186
100.0, 2792438.2121295813, 38143.0720, 182
100.0, 2576968.351294679, 33510.5730, 190
100.0, 3413383.94433409, 35264.3580, 198
100.0, 2953410.542982936, 31779.8090, 196
100.0, 2427745.734391739, 23365.3090, 183
100.0, 3144420.520966371, 15601.9010, 202
100.0, 2844041.8950302447, 15360.3760, 198
100.0, 3189221.080595338, 26622.3730, 213
100.0, 2485569.951459348, 24494.6880, 189
100.0, 2641614.7048373134, 26992.9180, 185
100.0, 2239457.353886857, 18059.2280, 177
100.0, 2857203.569267701, 36434.7770, 178
100.0, 3063641.4478538353, 33035.3450, 184
100.0, 2991208.0258047776, 33381.5640, 186
100.0, 2861616.318441007, 29674.1740, 189
100.0, 2547728.8350487296, 33712.3080, 196
100.0, 2395173.0127553917, 28963.1720, 180
100.0, 2375490.2675439343, 22300.7280, 162
100.0, 2112024.4176672357, 26646.9610, 182
100.0, 2933673.8396455185, 19514.6380, 198
100.0, 2831004.2037497046, 27239.5990, 189
100.0, 2702996.371278707, 24186.0920, 184
100.0, 2735727.197503617, 23645.9560, 182
100.0, 2903480.7157449955, 31029.9860, 211
100.0, 2799081.2618662147, 18153.1880, 197
100.0, 2718193.768466019, 16175.8960, 182
100.0, 3012795.8574923784, 33464.3850, 192
100.0, 2459866.139607909, 26275.3520, 187
100.0, 2676668.0404099114, 29543.9800, 186
100.0, 2804938.4140149844, 27908.2350, 201
100.0, 2318880.9645458027, 19673.2470, 172
100.0, 2652127.3655803977, 21692.8280, 186
100.0, 2659913.9462558203, 34544.7370, 192
100.0, 2923904.5392176793, 35534.0740, 180
100.0, 2685832.620238267, 28135.7680, 172
100.0, 3073882.4489410026, 26935.1630, 194
100.0, 2405997.7036680314, 16280.1110, 183
100.0, 2679001.963055623, 28748.2440, 206
100.0, 2482818.84584347, 25528.0010, 184
100.0, 2714671.2431721487, 28451.1570, 192
100.0, 2622747.895356139, 21489.1180, 194
100.0, 2514360.0147274095, 23171.4910, 178
100.0, 2343510.92142564, 23752.2440, 188
100.0, 2108749.016809626, 20154.0060, 186
100.0, 2874684.495950642, 29098.4800, 194
100.0, 2767209.838758822, 21494.6490, 174
100.0, 2423563.9956117384, 30488.3320, 171
100.0, 3026259.88108238, 21439.3970, 184
100.0, 2644416.781317244, 21545.4490, 182
100.0, 2521270.0711747017, 24960.5010, 194
100.0, 3283654.894710046, 29223.0740, 193
100.0, 2581794.7009423086, 18239.9850, 199
100.0, 2653847.781458893, 19586.8130, 191
100.0, 2710104.177256372, 25893.9910, 179
100.0, 2314335.3854707535, 25941.4330, 183
100.0, 1870239.3722900865, 25736.9150, 182
100.0, 3151741.705518354, 25242.0180, 206
100.0, 2902072.910298296, 17384.8080, 209
100.0, 2539526.921466165, 23562.9750, 199
100.0, 2333896.5519623463, 25277.6620, 179
100.0, 3063224.4687151643, 23898.2650, 187
100.0, 2665968.261453923, 29607.7160, 180
100.0, 2797142.8433209825, 18359.6440, 205
100.0, 3487056.8462351286, 47755.9570, 207
100.0, 2539083.2893228224, 19036.0640, 160
100.0, 3136466.3280874006, 29853.1340, 194
100.0, 3439183.2388635753, 30682.3020, 202
100.0, 2211968.8485462037, 18369.1570, 175
100.0, 2426796.988363821, 25958.6850, 189
100.0, 2513047.904925086, 17732.1740, 178
100.0, 2449334.5794251263, 23635.4080, 194
100.0, 2538897.3073590393, 16763.1410, 190
100.0, 2983778.1380839963, 27712.5280, 195
100.0, 2621781.6047400446, 25010.4380, 190
100.0, 2586973.3910481874, 21392.0310, 202
100.0, 2618183.5910344543, 25246.8080, 180
100.0, 3109821.4069698476, 20243.0440, 197
100.0, 3068972.7242720365, 28143.8940, 208
100.0, 2336501.3751526442, 28581.0440, 197
100.0, 3082110.8336054217, 30668.9820, 194
100.0, 2498521.1947165476, 20922.3050, 200
100.0, 2556407.5338340746, 20745.5930, 200
100.0, 2577315.37022305, 24815.2120, 201
100.0, 2544761.4178171842, 22498.7980, 199
100.0, 2733522.320803972, 21223.4980, 192
100.0, 3149939.3143241387, 16402.9710, 198
100.0, 2662933.8881037184, 22631.9720, 187
100.0, 2820706.842750829, 31635.2350, 190
100.0, 2440962.4567728965, 19676.9430, 180
100.0, 2669937.354201489, 29787.5650, 184
100.0, 3297795.0996406944, 16524.7620, 193
100.0, 2220065.3718558783, 28273.3770, 178
100.0, 2132901.1394427163, 25404.7270, 181
100.0, 2234379.9519819175, 22920.5010, 175
100.0, 2510864.943077891, 17383.9080, 186
100.0, 2432728.52777414, 31598.7140, 193
100.0, 2484646.408460416, 18893.8260, 196
100.0, 2790881.694687768, 19275.9040, 184
100.0, 3144158.357197341, 30066.3890, 193
100.0, 2759775.1504776487, 29731.3200, 194
100.0, 2550443.4768879646, 23626.5520, 181
100.0, 2537915.1883731848, 24051.8950, 195
100.0, 2619676.813444585, 18270.0460, 166
100.0, 2953358.6368584726, 17155.0610, 191
100.0, 2881350.062444778, 19227.4030, 193
100.0, 2474277.559718913, 24700.5530, 197
100.0, 2211722.7986844387, 33725.2680, 158
100.0, 2816287.9330047034, 21599.1640, 206
100.0, 3451394.75725848, 23872.1870, 186
100.0, 2676878.9968006015, 19155.5260, 200
100.0, 2612854.868952803, 25149.1170, 188
100.0, 2423241.8547701696, 22185.1120, 182
100.0, 2756653.5148397847, 28393.0310, 206
100.0, 2837959.991225099, 36087.0340, 179
100.0, 3162465.9867937276, 18661.7060, 194
100.0, 3034011.1229326953, 21808.9100, 193
100.0, 3392617.6864226833, 23056.6910, 180
100.0, 2795248.576871247, 35366.1430, 204
200.0, 2302134.185418378, 31671.5350, 189
200.0, 2929635.8543387633, 25796.1790, 190
200.0, 2441859.2126764543, 21172.3630, 191
200.0, 2394048.0174486353, 32916.7760, 195
200.0, 2929971.0164734223, 27800.2260, 206
200.0, 2510456.981014734, 27549.5380, 180
200.0, 2604732.6429483956, 24327.1780, 203
200.0, 2629401.678857442, 27480.8610, 185
200.0, 2750453.011784487, 26255.7290, 194
200.0, 2844473.2995215016, 17518.2200, 182
200.0, 2737009.585975403, 21810.5160, 199
200.0, 2000477.8614709952, 24924.5060, 168
200.0, 2189524.955585969, 18624.1910, 176
200.0, 2735069.8863010244, 27609.9320, 198
200.0, 2550196.598075323, 16073.9620, 189
200.0, 2991167.463962888, 28318.0760, 174
200.0, 2550825.8581557595, 18006.9200, 174
200.0, 2439865.738513347, 15258.5470, 198
200.0, 2778487.6877933475, 18071.0320, 178
200.0, 2439594.391409274, 20736.8050, 187
200.0, 3154013.32320747, 31639.6260, 172
200.0, 2729439.8909848537, 23309.7200, 182
200.0, 3110599.726490685, 28194.9080, 198
200.0, 2654107.630316089, 23708.5390, 194
200.0, 2618124.9012215445, 22052.0030, 188
200.0, 2342566.737143028, 25440.3790, 179
200.0, 2437749.046046651, 21136.7120, 194
200.0, 2984335.000259791, 28431.9310, 195
200.0, 3143823.692156551, 22597.5190, 186
200.0, 2426846.280234052, 29164.3330, 209
200.0, 2984098.9757502065, 33756.4920, 193
200.0, 2552667.4312524195, 21919.2760, 180
200.0, 2585576.207485231, 18707.0570, 187
200.0, 2655317.6537756654, 28541.4280, 182
200.0, 2574480.90171837, 25295.9570, 207
200.0, 2393914.50094712, 23258.1530, 180
200.0, 2264038.021336987, 19534.6690, 192
200.0, 3206203.218251994, 38261.8170, 197
200.0, 2719313.341687007, 28482.3670, 188
200.0, 2832889.084311609, 30982.4550, 174
200.0, 2465580.438943503, 26438.9640, 168
200.0, 2272440.0309788547, 19255.5900, 195
200.0, 2413507.297008738, 20725.0630, 203
200.0, 2056237.8334908301, 24088.5840, 211
200.0, 2355644.0443861987, 27321.6390, 185
200.0, 1993265.5190744854, 26186.9420, 184
200.0, 2677325.669573995, 26225.4970, 196
200.0, 2338547.1736661065, 29034.5710, 182
200.0, 1917653.9393210222, 16630.3260, 178
200.0, 2466825.0198665466, 25446.9860, 186
200.0, 2574226.722953378, 26623.8850, 200
200.0, 2357396.055378916, 21903.1090, 186
200.0, 2657589.9705056245, 19413.1370, 194
200.0, 2987800.5252231467, 18262.1430, 195
200.0, 2612063.613915586, 26847.9190, 194
200.0, 2683550.0547029753, 25348.2340, 198
200.0, 3536915.2625733037, 25438.4990, 203
200.0, 2838765.9741141815, 16954.3410, 204
200.0, 2639711.8717142944, 20378.2050, 199
200.0, 2613697.8164956393, 30816.5510, 181
200.0, 2270684.245010912, 28616.6390, 198
200.0, 2683017.8518427205, 29099.8320, 180
200.0, 2090632.542144299, 28539.1490, 194
200.0, 2507123.4397436352, 21037.5350, 178
200.0, 3050678.395358964, 14601.3740, 190
200.0, 3018361.056139358, 23488.4200, 191
200.0, 2576830.9501133333, 37445.0070, 196
200.0, 3142151.2443247847, 36876.9570, 206
200.0, 2887027.065550305, 23036.4840, 193
200.0, 3247614.890443413, 30725.3620, 192
200.0, 3012155.110405752, 15751.9520, 190
200.0, 2746652.9245354044, 40222.6680, 186
200.0, 2564319.0866431994, 26787.1250, 188
200.0, 3246612.5256728567, 39608.7860, 204
200.0, 2727658.6800306183, 29629.6370, 201
200.0, 2331790.2897692225, 21364.1810, 185
200.0, 3006768.9793272, 16293.7230, 202
200.0, 2517945.6102128685, 21401.5680, 204
200.0, 3318087.1993017267, 25511.4180, 206
200.0, 2460735.7020531828, 26400.3690, 186
200.0, 2589958.11846068, 28107.2480, 188
200.0, 2254044.2464306643, 25191.2540, 177
200.0, 2727865.1487687454, 40358.9330, 180
200.0, 3068368.0851324503, 28632.1730, 184
200.0, 2761396.9671350624, 29490.7630, 187
200.0, 2876982.5056392415, 31852.8260, 191
200.0, 2537513.4617485288, 35172.7930, 197
200.0, 2192967.603266578, 26893.3320, 179
200.0, 2376570.4407694065, 26274.7780, 164
200.0, 2055671.7253271956, 27639.9100, 183
200.0, 2857800.886673303, 21751.7970, 200
200.0, 2599952.647721212, 28076.0960, 194
200.0, 2688537.7922834256, 19201.0230, 186
200.0, 2721592.740717012, 24177.4880, 186
200.0, 2794189.1464340226, 27163.2080, 212
200.0, 2708232.1082355664, 25103.2100, 202
200.0, 2513275.458246556, 20644.9290, 190
200.0, 3105015.348250838, 33998.1560, 191
200.0, 2403013.7908546464, 30217.1400, 184
200.0, 2572489.216121865, 30082.1030, 186
200.0, 2660899.4142367644, 32482.9580, 202
200.0, 2117486.1957830843, 21088.6230, 177
200.0, 2519575.9732366786, 26230.3990, 184
200.0, 2715729.4887319845, 30617.1080, 190
200.0, 2980148.697683833, 30047.7340, 178
200.0, 2694320.7435663296, 26490.9830, 174
200.0, 3113427.5076227174, 21824.0010, 190
200.0, 2474185.594594549, 15878.8890, 176
200.0, 2810003.3402557746, 25605.1790, 203
200.0, 2472698.6279145572, 25406.5760, 186
200.0, 2579562.524427496, 26021.4690, 195
200.0, 2758232.6158596496, 18673.9130, 190
200.0, 2322301.354302597, 23735.5540, 183
200.0, 2487529.0485771005, 25194.6600, 186
200.0, 2039391.800765571, 16341.5640, 182
200.0, 2659580.4357760986, 29639.4210, 195
200.0, 2709093.6821974115, 18672.4120, 177
200.0, 2290129.448773621, 27374.2570, 172
200.0, 2764137.48439915, 20757.2770, 189
200.0, 2769404.1980609605, 27119.1310, 181
200.0, 2430675.4549759272, 23221.6430, 192
200.0, 3147502.913165026, 31487.1120, 189
200.0, 2543489.8712412566, 18518.3450, 199
200.0, 2338307.4085392472, 20288.2370, 192
200.0, 2571036.964736108, 22855.4330, 181
200.0, 2174653.839562262, 23523.0640, 186
200.0, 1823315.9253024466, 25292.8550, 184
200.0, 3062442.144430412, 27963.7720, 204
200.0, 2641142.3781731627, 21772.7350, 210
200.0, 2448607.129253817, 19660.6820, 199
200.0, 2292968.756694773, 24536.6970, 176
200.0, 2791370.131054252, 23055.9070, 188
200.0, 2513199.7412674683, 35729.6610, 182
200.0, 2923428.9233992607, 21831.4210, 202
200.0, 3528714.694546238, 43675.7700, 204
200.0, 2521534.3486656505, 17287.7710, 164
200.0, 2864448.1001557773, 29608.3560, 198
200.0, 3466592.430700454, 32703.4600, 204
200.0, 2257342.8345336993, 16309.0830, 176
200.0, 2531176.2333890945, 23877.8850, 186
200.0, 2411579.323602698, 19703.9360, 182
200.0, 2484538.663991067, 23915.0270, 193
200.0, 2487665.7553171664, 18330.2170, 186
200.0, 2973649.8213018593, 25955.9320, 198
200.0, 2628771.2403503377, 21022.7740, 190
200.0, 2577947.9443793823, 23406.4180, 204
200.0, 2425673.707796272, 25775.0630, 180
200.0, 2909011.1133397794, 19681.5150, 199
200.0, 3021050.7173596146, 26954.1640, 206
200.0, 2388130.5701326374, 32370.1640, 200
200.0, 3029939.2184794443, 32909.4410, 196
200.0, 2504053.810166648, 16939.6460, 196
200.0, 2519677.8712820983, 23559.2810, 202
200.0, 2420562.9488996663, 23970.7320, 205
200.0, 2280260.2184466454, 18714.6420, 201
200.0, 2512202.399481308, 20111.1050, 192
200.0, 3184997.241168572, 20102.7790, 198
200.0, 2419858.484907036, 25549.9490, 190
200.0, 2471833.6626717984, 27131.8230, 197
200.0, 2624570.117071886, 24554.5880, 177
200.0, 2555414.3278327305, 28032.9410, 189
200.0, 3258047.852455086, 18371.8610, 186
200.0, 2049056.7200132813, 28505.4540, 179
200.0, 2256860.1454227227, 22659.0520, 178
200.0, 2159998.431419246, 24046.0620, 174
200.0, 2647724.6564219217, 19695.8150, 184
200.0, 2520321.423355706, 33017.7610, 198
200.0, 2556335.762689856, 19038.9500, 197
200.0, 2514066.9300186913, 21178.6660, 189
200.0, 2955265.971378026, 34207.3960, 193
200.0, 2522516.861595141, 31296.8880, 196
200.0, 2456482.642103572, 23871.7720, 185
200.0, 2536202.037893169, 25680.5110, 193
200.0, 2457896.5815845514, 19829.0790, 174
200.0, 2964073.2568549933, 24329.6940, 182
200.0, 2743999.9273601724, 22958.9090, 191
200.0, 2629994.23474855, 26412.5990, 190
200.0, 2226398.766236948, 37523.1100, 156
200.0, 2776972.4851632863, 20366.8380, 203
200.0, 3358218.5770141673, 22525.7670, 187
200.0, 2912936.3192267735, 22313.0460, 198
200.0, 2323919.76848603, 23961.2350, 193
200.0, 2376066.482866307, 17078.6610, 185
200.0, 2642302.2085762727, 20449.6720, 205
200.0, 2731724.831450182, 36208.4950, 181
200.0, 2833512.0290544294, 20146.3490, 201
200.0, 2826405.7264030925, 24125.1480, 198
200.0, 3304782.57786735, 19867.1470, 181
200.0, 2756657.002427357, 35473.3360, 206
200.0, 2565826.4565232545, 36249.4020, 196
200.0, 2576089.1076415046, 23526.0740, 185
200.0, 2608190.156940334, 23098.8240, 180
200.0, 3196111.4453486726, 27693.4780, 208
200.0, 1943172.1462993415, 27555.2590, 186
200.0, 2599544.303162519, 22105.3800, 193
200.0, 2366228.451919295, 21148.6620, 181
200.0, 2403797.4660035837, 33063.4060, 182
200.0, 2695502.353936865, 41444.0810, 182
200.0, 2859359.1858657445, 21165.5910, 194
200.0, 2526571.264828831, 25395.8840, 192
300.0, 2014252.8801842327, 24568.8220, 166
300.0, 2272967.9807925858, 20887.2320, 177
300.0, 2715868.0735799116, 30203.2990, 197
300.0, 2658171.046476623, 16005.4670, 188
300.0, 2958407.8294068584, 33217.7330, 175
300.0, 2553652.7702839654, 22309.7970, 174
300.0, 2430309.3483041166, 19263.0280, 197
300.0, 2517885.9528864105, 21252.5160, 178
300.0, 2229661.784947388, 21356.9660, 190
300.0, 3061095.6559413066, 36423.2310, 175
300.0, 2861826.0063156085, 28512.9100, 182
300.0, 3083703.7684519864, 29969.7370, 200
300.0, 2668087.977501637, 21940.8630, 194
300.0, 2412946.3142979997, 21351.6560, 192
300.0, 2253666.9138912805, 24778.7690, 182
300.0, 2572100.1324681295, 21661.6620, 193
300.0, 3127383.4157585143, 29268.6340, 192
300.0, 3074661.0861124746, 21454.0040, 190
300.0, 2988387.4747445313, 30734.7920, 200
300.0, 3041923.1906091636, 35574.6260, 193
300.0, 2286929.439065811, 23899.1180, 184
300.0, 2425872.3662045025, 21148.9830, 190
300.0, 2354986.7073696665, 33560.5010, 187
300.0, 2680160.240295237, 26078.5980, 204
300.0, 2247051.820452126, 20242.1910, 184
300.0, 2212025.5256726393, 25620.8190, 191
300.0, 3305742.196367647, 41694.9090, 188
300.0, 2705706.5968492012, 24468.0170, 190
300.0, 2438696.1965050986, 33752.4840, 180
300.0, 2387396.0914219627, 22993.6440, 168
300.0, 2302487.716624801, 18640.1760, 192
300.0, 2649840.6537986365, 21502.0170, 199
300.0, 2163385.2562025557, 25559.5880, 213
300.0, 2317513.0320844315, 21084.9160, 184
300.0, 1834690.8657788476, 29946.9090, 183
300.0, 2850570.743811914, 21364.5190, 193
300.0, 2378808.3449447392, 23657.5150, 184
300.0, 1832947.5986949236, 16494.4520, 177
300.0, 2524985.751557183, 24441.5040, 183
300.0, 2594561.4829992303, 27062.7190, 201
300.0, 2188985.5948374798, 20643.5790, 188
300.0, 2684119.5865989868, 22202.9280, 197
300.0, 2862260.18734497, 19518.8370, 193
300.0, 2298089.617230379, 24702.5550, 198
300.0, 2714320.5765630426, 24487.2020, 198
300.0, 3508734.3872660594, 32057.5890, 204
300.0, 2986923.115694132, 18158.9290, 200
300.0, 2858303.6471418673, 24921.9550, 197
300.0, 2490395.5690372167, 30400.7430, 182
300.0, 2229896.770491481, 30837.7350, 200
300.0, 2691652.323566039, 30202.1210, 180
300.0, 2103156.726995969, 26369.3330, 194
300.0, 2512389.2991404594, 22424.3890, 176
300.0, 2956026.0086592063, 21077.3800, 191
300.0, 2627216.2408702527, 25317.5250, 197
300.0, 2660061.6490723155, 35943.4490, 193
300.0, 3091096.0321878735, 36009.9200, 208
300.0, 2791793.165263222, 24146.2350, 195
300.0, 2842922.7989167096, 29603.1500, 198
300.0, 2903652.9515465884, 18703.6880, 192
300.0, 2740240.5758173037, 40030.5660, 186
300.0, 2539313.1897667283, 31895.7280, 190
300.0, 3295960.428252794, 39507.9570, 202
300.0, 2673166.066838096, 27805.2060, 201
300.0, 2275352.660021103, 20819.9700, 184
300.0, 3017949.768406792, 17177.9910, 203
300.0, 2140044.028985773, 17774.8710, 202
300.0, 3086282.549707282, 22706.4180, 208
300.0, 2228456.396716939, 25735.0150, 193
300.0, 2439119.6537883654, 30996.2190, 190
300.0, 2209532.7966590333, 17278.4270, 178
300.0, 2810143.890166986, 34210.7290, 179
300.0, 3058184.3653819864, 30346.8690, 184
300.0, 2897811.595774433, 29647.1100, 184
300.0, 2821385.6911107306, 31972.6740, 194
300.0, 2508872.521837406, 35396.5720, 195
300.0, 2398419.4364242186, 30287.1120, 178
300.0, 2317293.7049796255, 26952.1820, 163
300.0, 2069458.09286222, 30576.2880, 183
300.0, 2895156.119020311, 20117.4800, 197
300.0, 2612129.148890719, 27350.6810, 194
300.0, 2527393.420786832, 18389.4900, 189
300.0, 2686873.7201052336, 22341.9920, 182
300.0, 2738513.205078513, 26686.7870, 212
300.0, 2753554.4247321608, 24408.9930, 200
300.0, 2737425.9513852037, 17930.8080, 183
300.0, 2996981.2069393015, 36880.2830, 192
300.0, 2441127.6445060987, 23760.1460, 184
300.0, 2531771.782225912, 33320.1940, 187
300.0, 2700695.9856127994, 31183.4710, 201
300.0, 2124167.996627466, 20194.0840, 175
300.0, 2582235.3880763026, 24276.6480, 182
300.0, 2608338.8175615794, 38996.8990, 190
300.0, 2713906.605530977, 34669.4400, 179
300.0, 2604675.3895382877, 29500.7510, 176
300.0, 3111715.72248528, 20581.8070, 187
300.0, 2441955.7707493086, 19843.6830, 180
300.0, 2858422.5946849748, 25800.6530, 202
300.0, 2384808.6967165675, 19664.2220, 188
300.0, 2484263.1468949667, 30234.7960, 197
300.0, 2666941.929732676, 19457.2260, 193
300.0, 2326378.8328579813, 18398.6780, 181
300.0, 2364449.658097646, 27575.2780, 188
300.0, 2177761.6280384907, 17590.2900, 185
300.0, 2826763.960243298, 31188.7240, 196
300.0, 2749075.185534004, 17099.2660, 176
300.0, 2286038.832779189, 29637.2760, 174
300.0, 2701119.9376533986, 19828.5550, 188
300.0, 2524476.6865758277, 23331.9620, 183
300.0, 2477515.8773309244, 28533.3710, 192
300.0, 3232526.3288385863, 28043.2230, 190
300.0, 2630689.8516378487, 17490.3510, 196
300.0, 2397956.68951146, 22343.7460, 191
300.0, 2534581.8052200945, 23655.7470, 185
300.0, 2130340.9203055627, 24104.8560, 191
300.0, 1856135.0807465839, 24170.7110, 181
300.0, 3142963.022905968, 26678.8680, 204
300.0, 2819909.927475542, 20846.8380, 208
300.0, 2593730.8256945047, 24009.9390, 198
300.0, 2234492.7683977936, 23332.3340, 178
300.0, 2988627.7642971342, 19086.8960, 186
300.0, 2622810.0327718896, 34128.3970, 182
300.0, 2729546.0053454405, 20387.5840, 202
300.0, 3450398.873092113, 45039.4530, 205
300.0, 2407860.050271284, 19396.3760, 164
300.0, 2851161.7469920972, 34198.0620, 199
300.0, 3430001.4209276773, 32531.8490, 205
300.0, 2052027.2763839788, 18044.4530, 180
300.0, 2385149.1243731217, 29976.2050, 188
300.0, 2278488.43600114, 22192.4990, 182
300.0, 2439008.4090367034, 25803.3840, 198
300.0, 2288455.121395816, 17228.7130, 190
300.0, 3011194.69542329, 22078.6320, 197
300.0, 2482790.4296192382, 23683.5710, 193
300.0, 2587654.839884833, 18106.2120, 202
300.0, 2398884.7303544832, 23397.6000, 180
300.0, 2774563.7215090576, 20736.5800, 203
300.0, 2805747.566754971, 30073.2980, 210
300.0, 2458874.8155087563, 30730.9470, 197
300.0, 2829647.4555648216, 34298.4340, 201
300.0, 2333870.7158111795, 20248.3460, 199
300.0, 2614676.6522252886, 20692.9540, 195
300.0, 2603617.574094649, 19418.1900, 202
300.0, 2284158.3640045254, 17513.1790, 198
300.0, 2472587.7590378732, 22652.0590, 193
300.0, 3059565.829336331, 22419.6740, 200
300.0, 2347771.64255588, 25012.4420, 189
300.0, 2656615.596868937, 27487.5610, 194
300.0, 2597680.017109061, 21999.7640, 175
300.0, 2501892.2410299173, 30712.0500, 188
300.0, 3036749.1564237946, 17449.2910, 193
300.0, 2068184.4838746523, 25877.7880, 181
300.0, 2298714.0293012755, 23843.0480, 177
300.0, 2111676.9264101023, 21067.8140, 175
300.0, 2489316.043737246, 16304.0200, 189
300.0, 2397808.7436695294, 34373.1070, 203
300.0, 2593702.2817641003, 21840.3340, 196
300.0, 2598223.723895038, 20524.4080, 186
300.0, 3091469.29311054, 32619.4560, 192
300.0, 2552750.740651425, 29902.7170, 196
300.0, 2556973.2230237634, 27451.1260, 182
300.0, 2374474.616534915, 23367.2070, 193
300.0, 2552554.6768199326, 20848.1740, 167
300.0, 2802466.0610840973, 24456.6810, 186
300.0, 2761605.7670342335, 26173.9920, 192
300.0, 2718100.455798085, 27780.7970, 192
300.0, 2221386.424685943, 39369.6490, 158
300.0, 2861102.4952937406, 23924.1270, 202
300.0, 3160463.4806899154, 26493.3790, 187
300.0, 3022986.6242315886, 20440.3840, 198
300.0, 2379783.3023654725, 23523.4490, 192
300.0, 2379705.8871618854, 21467.7080, 184
300.0, 2475654.745340755, 26534.7500, 211
300.0, 2659553.7925963, 34615.7430, 181
300.0, 2964064.301621229, 19547.7870, 195
300.0, 2840979.493897917, 22701.9870, 198
300.0, 3174454.2919587567, 32080.4560, 180
300.0, 2672645.128365703, 37028.1570, 207
300.0, 2513094.1103623533, 40241.1330, 198
300.0, 2521113.1248256923, 21994.7930, 190
300.0, 2601930.6777337524, 24784.0610, 180
300.0, 2844053.502298414, 28659.0620, 210
300.0, 1954168.176356646, 27740.2730, 186
300.0, 2458138.116301124, 19075.6970, 190
300.0, 2443175.4878843455, 18070.0550, 178
300.0, 2260870.6899045603, 33675.3340, 181
300.0, 2687339.6429372565, 34679.2240, 176
300.0, 2888263.6018906385, 27873.9950, 196
300.0, 2381002.0113523467, 30561.0110, 194
300.0, 2844644.908891451, 22200.7610, 200
300.0, 2802140.264985159, 34882.2300, 186
300.0, 2890183.0446701017, 18014.6380, 204
300.0, 2418047.695922693, 32046.5510, 196
300.0, 2357137.6485001086, 23377.8570, 177
300.0, 2196995.4988488094, 20534.3110, 198
300.0, 2430323.152529966, 30218.7720, 184
300.0, 2514557.404775901, 30317.7260, 189
300.0, 2981561.5325572025, 21893.2080, 201
300.0, 3083889.0578694474, 24945.2450, 189
300.0, 2381556.6849745177, 24678.9890, 189
400.0, 3113743.741116248, 27108.1680, 199
400.0, 2614043.4612783347, 23682.2080, 190
400.0, 2497980.648187565, 25959.7430, 191
400.0, 2314233.2635457013, 24158.9080, 182
400.0, 2402549.5624953397, 22872.7080, 196
400.0, 2899914.0015027435, 28335.1270, 201
400.0, 2924480.937692369, 23932.5850, 191
400.0, 2775350.091547287, 25843.7650, 201
400.0, 2907807.3368343674, 40259.5900, 196
400.0, 2363355.5670264256, 22707.2850, 184
400.0, 2357519.5282415664, 23942.2600, 190
400.0, 2559520.0764454533, 33188.1960, 185
400.0, 2437491.1947215674, 24502.3620, 209
400.0, 2363807.9735440533, 20172.6310, 182
400.0, 2116915.2768083652, 18231.6920, 191
400.0, 3176936.87680589, 43681.4000, 194
400.0, 2652966.100466523, 25826.7000, 188
400.0, 2571482.551563062, 31840.7050, 178
400.0, 2319231.482629092, 25960.0440, 170
400.0, 2475152.22735277, 22563.6430, 190
400.0, 2597184.1382909925, 20690.4350, 199
400.0, 2377956.3814083273, 20054.1710, 209
400.0, 2205611.7342228633, 20884.8460, 181
400.0, 1823203.0539063523, 29269.6890, 185
400.0, 2685283.6932289326, 23429.6190, 194
400.0, 2417448.1906911023, 24207.7870, 181
400.0, 2049552.9092610932, 14089.7650, 174
400.0, 2576080.9740438485, 29253.9350, 181
400.0, 2406700.686719131, 28790.6380, 205
400.0, 2190508.648599983, 22671.5480, 190
400.0, 2729486.0035991957, 23689.3520, 194
400.0, 2890709.5186012937, 22681.9840, 198
400.0, 2461335.5364930006, 25454.8660, 197
400.0, 2706738.3841506224, 21986.7870, 197
400.0, 3430939.0520400223, 40558.2750, 206
400.0, 2646769.3018936752, 19254.1530, 200
400.0, 2789731.4429039136, 24849.3830, 199
400.0, 2506521.168018396, 27495.4920, 179
400.0, 1968610.2541564652, 28184.0540, 207
400.0, 2622686.187995064, 30281.8610, 181
400.0, 2117704.570667888, 25450.3470, 194
400.0, 2450948.2138814814, 21521.8590, 178
400.0, 3016915.2338089724, 18456.4580, 192
400.0, 2903661.3043409227, 28511.5670, 193
400.0, 2776868.2918516835, 37618.2410, 189
400.0, 3130505.388607539, 39304.3410, 210
400.0, 2680890.2885018233, 24880.6870, 195
400.0, 3027844.6628469913, 32724.0600, 195
400.0, 2832591.724438595, 15230.2540, 192
400.0, 2530432.0104707642, 35808.9340, 188
400.0, 2529936.0437550256, 31726.0470, 190
400.0, 3111936.236144443, 40579.3300, 206
400.0, 2620140.1651861886, 27931.6070, 201
400.0, 2260861.2052960773, 21468.2700, 189
400.0, 2820483.309550375, 13955.1710, 206
400.0, 2209855.364532934, 21000.0600, 208
400.0, 3029791.485379387, 27747.4680, 215
400.0, 2381807.3326378134, 23075.2420, 191
400.0, 2592786.3623648714, 25015.2680, 187
400.0, 2232793.836670439, 21726.9780, 179
400.0, 2686189.4757799287, 37096.1760, 178
400.0, 3005430.0099692014, 27836.9930, 182
400.0, 2881047.1744019603, 28144.2450, 186
400.0, 2960414.5513656316, 35067.4810, 190
400.0, 2456577.5702324393, 32157.9820, 197
400.0, 2271051.8286158997, 31515.7630, 182
400.0, 2407309.286661123, 26926.1090, 161
400.0, 2046198.515891243, 29413.3140, 185
400.0, 2748412.564321623, 19405.0140, 198
400.0, 2469675.933697359, 25127.8310, 192
400.0, 2614606.172339014, 21184.3380, 187
400.0, 2723687.45676101, 22761.1880, 182
400.0, 2610245.777095693, 27782.9780, 212
400.0, 2685209.8881709445, 22878.1730, 205
400.0, 2481601.7732955245, 20457.0750, 188
400.0, 2955473.8946847725, 29120.8250, 190
400.0, 2386903.4656079267, 31283.1080, 188
400.0, 2523241.8353140014, 37119.7640, 187
400.0, 2827366.8507490335, 33115.5670, 197
400.0, 2016464.3845243312, 21564.2350, 180
400.0, 2595048.074307253, 28168.8170, 182
400.0, 2569053.44930966, 39322.9480, 188
400.0, 2830111.5612281635, 36321.4470, 181
400.0, 2586481.161220609, 28779.3860, 176
400.0, 2958017.0242065084, 26813.2910, 195
400.0, 2231235.57405338, 15400.2480, 182
400.0, 2819643.7171324654, 28868.9020, 203
400.0, 2392981.7079310166, 26439.6520, 185
400.0, 2432937.2257858156, 28482.2340, 198
400.0, 2518379.580320167, 20103.1440, 196
400.0, 2332280.1179824662, 22666.4960, 181
400.0, 2488050.164270338, 25304.7820, 185
400.0, 2099088.70633018, 15087.2850, 185
400.0, 2784946.1370841986, 27306.3840, 197
400.0, 2826751.0053076204, 21960.9780, 174
400.0, 2194172.2627526284, 29208.2360, 178
400.0, 2934225.7731991257, 20491.2270, 185
400.0, 2787715.349211689, 20770.7500, 180
400.0, 2410167.9433915988, 27271.6580, 195
400.0, 3162204.494835576, 34301.8520, 190
400.0, 2488884.1198528986, 22355.1840, 198
400.0, 2520348.514519485, 24695.0650, 187
400.0, 2273573.143283634, 29453.1040, 190
400.0, 2117201.4842400807, 26166.6590, 190
400.0, 1919005.692434183, 25860.2430, 182
400.0, 2959862.8371371767, 26388.1390, 205
400.0, 2836957.8882564483, 18467.7980, 208
400.0, 2537249.7008312084, 20846.2010, 200
400.0, 2132741.844076927, 25570.2290, 179
400.0, 2993911.903498682, 21073.4370, 184
400.0, 2606895.4991626907, 31877.3190, 184
400.0, 2761001.813634192, 25983.5950, 201
400.0, 3333614.758491158, 45676.4050, 206
400.0, 2427878.18032263, 17235.1320, 162
400.0, 2934110.9325572043, 31838.5930, 196
400.0, 3322923.1072071097, 28795.1160, 206
400.0, 2264377.7329789214, 19076.7610, 174
400.0, 2530755.3673240305, 29982.8350, 185
400.0, 2277331.3148639463, 26486.7110, 182
400.0, 2449828.392053047, 24048.3910, 190
400.0, 2269202.373672511, 19512.0850, 189
400.0, 2927961.9646422947, 23758.0870, 194
400.0, 2475122.728874063, 22371.4790, 192
400.0, 2455186.977308038, 26213.3160, 204
400.0, 2633944.4268982504, 25649.2270, 176
400.0, 2763644.6502240356, 25060.5940, 199
400.0, 2983168.4536293703, 28082.1420, 209
400.0, 2348643.509498488, 29844.2910, 195
400.0, 2867429.2744445666, 35521.9270, 202
400.0, 2328253.807151904, 22805.8450, 199
400.0, 2612971.198971049, 23782.6130, 196
400.0, 2664756.2544829855, 19363.2160, 200
400.0, 2656231.939632042, 17050.6970, 192
400.0, 2565077.98077666, 22683.6300, 195
400.0, 2963162.3189461245, 24866.5250, 196
400.0, 2237786.613947109, 28255.4780, 190
400.0, 2714098.728651059, 29620.8280, 195
400.0, 2581790.130318684, 21265.3970, 176
400.0, 2519139.968298732, 29079.1940, 188
400.0, 3183895.3215917493, 16921.8590, 189
400.0, 2009444.7271195713, 27009.3960, 182
400.0, 2097527.609903232, 24823.8280, 183
400.0, 2107692.8534141923, 20938.7640, 174
400.0, 2274606.996277481, 14937.4400, 192
400.0, 2522858.7194532673, 28379.2360, 200
400.0, 2494565.5643589436, 21464.8050, 196
400.0, 2537711.236067618, 21830.4850, 187
400.0, 2826152.177020299, 36948.2010, 197
400.0, 2456833.410910563, 31555.5810, 198
400.0, 2458799.951871555, 25086.7840, 184
400.0, 2484562.8116184864, 31185.1570, 195
400.0, 2307726.3212427874, 19573.6830, 175
400.0, 2596685.012496279, 27510.1440, 187
400.0, 2824043.2544172984, 20159.4760, 192
400.0, 2425986.3319100915, 26273.1560, 197
400.0, 2192097.77606841, 37240.8270, 158
400.0, 2695543.488479134, 21993.9110, 202
400.0, 3271916.933704098, 25998.9380, 186
400.0, 2813016.0337025477, 22437.0710, 201
400.0, 2261255.325689156, 27272.4260, 191
400.0, 2297401.3798377793, 17930.6680, 183
400.0, 2517004.327415343, 25893.0610, 209
400.0, 2533026.036087502, 40572.2970, 184
400.0, 2664202.914354954, 19922.8240, 199
400.0, 2949945.3604992097, 19733.2920, 196
400.0, 3059364.7725723214, 33960.2970, 183
400.0, 2750468.2785956385, 34278.8910, 206
400.0, 2713787.697415502, 38642.0290, 194
400.0, 2408522.720985804, 31315.6550, 190
400.0, 2878081.2159950347, 25113.9020, 174
400.0, 3101379.281167366, 29795.8780, 208
400.0, 1980803.068265933, 24305.4330, 184
400.0, 2525855.5693558226, 20786.7800, 192
400.0, 2340675.204784195, 25499.4580, 179
400.0, 2347327.5812292895, 33563.2400, 183
400.0, 2555878.1866046945, 39350.4840, 182
400.0, 2627490.968680354, 24554.2460, 198
400.0, 2355921.5880572116, 23979.4820, 192
400.0, 2829696.4873010297, 23524.9990, 204
400.0, 2852942.1343209683, 36119.7580, 184
400.0, 2691191.445652271, 24070.6170, 202
400.0, 2590316.8992342963, 24658.0130, 193
400.0, 2277504.7168019144, 24203.0760, 180
400.0, 2311662.992866802, 23818.0410, 195
400.0, 2233251.0795384026, 29341.8820, 187
400.0, 2366882.1193975834, 34338.2050, 193
400.0, 2908189.5889176787, 22550.5970, 200
400.0, 2605841.0936102686, 23466.1770, 196
400.0, 2240520.4398769303, 23637.4170, 189
400.0, 2819619.353013008, 23151.3560, 203
400.0, 3031301.259058465, 27696.2780, 183
400.0, 2292786.980027581, 33433.0470, 182
400.0, 2086149.930230282, 23820.9940, 180
400.0, 2087564.5401167357, 24219.8490, 185
400.0, 2233430.020148477, 26262.8640, 185
400.0, 3146760.979663542, 21078.3440, 219
400.0, 2342526.023048917, 23351.6970, 198
400.0, 2676664.1735988874, 21558.9940, 198
400.0, 2243641.331798959, 19540.4420, 200
400.0, 2843330.096603568, 19256.1210, 214
500.0, 2674836.783195454, 34758.3190, 183
500.0, 2607891.988733151, 21842.0270, 207
500.0, 2194695.2713216715, 23831.5990, 180
500.0, 2000066.5534497357, 23979.7320, 194
500.0, 3120991.686692464, 39066.5600, 194
500.0, 2751762.681611933, 29079.1230, 186
500.0, 2466733.0075157075, 27688.4640, 176
500.0, 2237959.7859022697, 30231.2110, 170
500.0, 2353151.7513113995, 26875.4690, 194
500.0, 2501874.5104876696, 23952.4100, 201
500.0, 2251904.6418054164, 16371.6700, 211
500.0, 2102926.8263942827, 20780.8450, 186
500.0, 2086140.196113866, 29604.5440, 183
500.0, 2807551.7912988337, 21399.6240, 194
500.0, 2306570.5362945576, 24816.5750, 186
500.0, 1757711.6147939404, 15777.5770, 182
500.0, 2380662.524505224, 26067.6420, 188
500.0, 2431677.11049505, 33190.7250, 203
500.0, 2337270.8980350415, 17802.2210, 187
500.0, 2644593.521735215, 22372.4440, 198
500.0, 2724430.1470358274, 17364.8070, 195
500.0, 2318528.6343203727, 24881.9740, 195
500.0, 2633211.6918341974, 21329.8240, 199
500.0, 3326166.1265851147, 37548.4420, 202
500.0, 2574812.011892332, 20735.0210, 204
500.0, 2646503.2366124117, 24967.2260, 203
500.0, 2478697.6174891046, 30683.2420, 183
500.0, 2131796.7069383147, 31803.7550, 200
500.0, 2512912.1555186324, 31831.1390, 183
500.0, 2065758.7911923304, 27686.8040, 192
500.0, 2313940.5733300224, 23572.9580, 185
500.0, 2742815.8545494936, 22927.8440, 198
500.0, 2962813.450113916, 29475.5880, 195
500.0, 2597049.073956919, 32789.4190, 191
500.0, 3177068.8492034813, 35166.9230, 207
500.0, 2639166.1207304504, 24642.8480, 198
500.0, 3062528.8240269953, 33028.5180, 194
500.0, 3022885.778710805, 18926.2730, 192
500.0, 2634535.0319264317, 37529.1740, 187
500.0, 2471431.4078585296, 32992.8130, 192
500.0, 3225109.8626437634, 39608.1030, 203
500.0, 2674544.3107593413, 29613.5690, 202
500.0, 2347956.688832348, 20058.1650, 185
500.0, 3058566.490791488, 18140.2700, 205
500.0, 2488641.6246224362, 14351.7550, 202
500.0, 3024810.867345706, 28313.9250, 212
500.0, 2453487.837433136, 24188.2110, 189
500.0, 2524034.5015813904, 28428.3660, 189
500.0, 2218852.0991388746, 22267.1540, 178
500.0, 2823996.8230137955, 36840.5180, 178
500.0, 3067068.254720214, 24718.3620, 182
500.0, 2610096.425249145, 28697.2230, 190
500.0, 2978539.8916450334, 32735.3950, 190
500.0, 2598339.1319602174, 33230.9810, 193
500.0, 2396527.515797236, 29345.0610, 176
500.0, 2259315.6027900125, 23231.9890, 166
500.0, 2063765.791243165, 28900.2840, 186
500.0, 2700267.182874368, 24968.8650, 202
500.0, 2610011.1705120434, 25246.6640, 194
500.0, 2539082.85121565, 21311.9870, 187
500.0, 2732525.0457995255, 21297.6630, 183
500.0, 2564985.558767047, 22125.1180, 212
500.0, 2842392.3510429384, 25141.2930, 201
500.0, 2391209.150518154, 21347.9250, 190
500.0, 2798730.35484534, 33178.4740, 192
500.0, 2342228.7727630846, 31380.4230, 190
500.0, 2489835.1641469365, 29366.8690, 192
500.0, 2777094.671516492, 30715.2840, 201
500.0, 2046952.4534719626, 20682.9980, 181
500.0, 2526773.5979744624, 31620.7380, 183
500.0, 2721291.840619799, 34932.9590, 192
500.0, 2610887.0350595824, 36726.4840, 180
500.0, 2490505.2229705094, 30589.9710, 177
500.0, 2984232.512099631, 22170.2780, 188
500.0, 2268934.746820287, 12064.2550, 181
500.0, 2837619.2166410214, 23073.9960, 200
500.0, 2354309.2279433883, 26196.6760, 190
500.0, 2585478.9778519534, 26472.2230, 195
500.0, 2732428.653828786, 18765.4990, 192
500.0, 2252617.355403221, 25114.1590, 181
500.0, 2429694.2306170617, 20733.5320, 185
500.0, 1981489.1723314798, 17574.2070, 183
500.0, 2744417.5284786327, 30194.7100, 199
500.0, 2661827.2802181384, 20742.1920, 176
500.0, 2239963.9436468487, 28937.9740, 177
500.0, 2928309.5954763093, 19399.7550, 183
500.0, 2561938.3715279656, 22202.6070, 183
500.0, 2403575.71641087, 20543.1510, 191
500.0, 3179525.5836585285, 29740.7850, 190
500.0, 2591619.4287870345, 14704.1980, 195
500.0, 2395231.2687976058, 28872.3700, 190
500.0, 2447223.1858749203, 25861.2910, 187
500.0, 2126853.5195443067, 28133.3120, 191
500.0, 1816797.8942601886, 21053.0130, 183
500.0, 3121890.4151081988, 29223.0950, 202
500.0, 2602979.589055389, 24967.9310, 211
500.0, 2611984.0565650607, 19456.7880, 194
500.0, 2203951.6086093253, 25228.7130, 181
500.0, 2879187.1639892026, 24990.2600, 188
500.0, 2551333.0095793204, 32032.3070, 182
500.0, 2860266.3024893585, 20079.1120, 200
500.0, 3357095.879289511, 46380.0280, 207
500.0, 2357657.8843733864, 21889.4300, 163
500.0, 2826115.1826525703, 33406.0220, 197
500.0, 3458243.131746922, 29832.2660, 204
500.0, 2011852.7153682567, 16492.6490, 174
500.0, 2346176.089939958, 24130.2200, 189
500.0, 2206314.0237784283, 18742.0870, 182
500.0, 2449307.9290985144, 24863.4630, 194
500.0, 2206292.460754938, 17403.8480, 189
500.0, 2676746.0726913232, 28505.7670, 199
500.0, 2551178.0790182305, 21324.2430, 192
500.0, 2631094.3367546457, 22728.7330, 202
500.0, 2523043.0362668373, 23157.4870, 178
500.0, 2744093.8717699395, 19962.9260, 199
500.0, 3085901.2766201133, 26212.4740, 207
500.0, 2271582.5736591946, 28818.7660, 198
500.0, 2981101.008042984, 33238.8840, 196
500.0, 2485406.195805584, 16004.5010, 199
500.0, 2660634.4731303747, 21700.0170, 196
500.0, 2656444.258402359, 18633.2340, 195
500.0, 2414875.74988554, 23619.2080, 196
500.0, 2486649.363412512, 21641.3960, 196
500.0, 2891922.3045516955, 27273.0550, 200
500.0, 2368352.13134053, 21477.2270, 188
500.0, 2740925.057301482, 26027.2110, 193
500.0, 2601805.623413288, 21619.2450, 178
500.0, 2570119.4490069062, 33674.8070, 185
500.0, 3153362.2332712384, 19461.5440, 192
500.0, 2013707.554849313, 26474.1520, 180
500.0, 2136841.3630443844, 23461.1500, 179
500.0, 2211929.011324983, 18704.0580, 166
500.0, 2504758.5459448737, 16923.4200, 186
500.0, 2558961.722282519, 29697.1550, 202
500.0, 2500490.375924684, 18017.0800, 197
500.0, 2676425.122401173, 21428.4180, 181
500.0, 2766968.8031563926, 35057.1120, 197
500.0, 2765322.5915730316, 35853.8040, 193
500.0, 2584026.651654246, 26622.1400, 177
500.0, 2649657.5859860317, 21809.6920, 192
500.0, 2383090.4001984373, 20278.8830, 171
500.0, 2561401.9011752424, 19373.1360, 186
500.0, 2567437.022088503, 27004.9610, 195
500.0, 2558321.9028398357, 22187.7510, 194
500.0, 2152335.335461764, 41422.2030, 160
500.0, 2774893.803227837, 24001.0630, 203
500.0, 3121677.8168376056, 26815.3850, 189
500.0, 2849584.3968064226, 20794.2410, 198
500.0, 2286975.389409835, 24667.7010, 191
500.0, 2273155.834063561, 18820.6780, 184
500.0, 2425153.6683147694, 27420.8520, 210
500.0, 2679787.0756832617, 38610.3470, 183
500.0, 2942002.1980136503, 22962.8810, 199
500.0, 2930055.7961074673, 21742.7110, 196
500.0, 3118012.2383066122, 32710.0500, 182
500.0, 2654564.163799804, 39640.5750, 208
500.0, 2844064.5063904165, 33255.0800, 190
500.0, 2520626.1661525345, 38847.2630, 186
500.0, 2555173.383210944, 27609.9960, 181
500.0, 2972588.9672105187, 24639.7730, 210
500.0, 1976289.8846831874, 30150.9090, 186
500.0, 2567640.78446892, 17181.1280, 188
500.0, 2588850.7295286907, 16625.3470, 179
500.0, 2338475.748247255, 31738.4440, 180
500.0, 2608387.8171708263, 43321.9070, 180
500.0, 2799171.2132084197, 21815.1360, 196
500.0, 2381089.326430354, 24419.3940, 193
500.0, 2733639.315818286, 25492.9450, 201
500.0, 2808490.428912623, 32639.5020, 187
500.0, 2842920.5763322935, 23734.7400, 202
500.0, 2490937.75071102, 28249.1070, 195
500.0, 2212342.238791848, 22598.2710, 182
500.0, 2328238.9559451053, 24398.8740, 194
500.0, 2346195.062162353, 27410.5330, 187
500.0, 2315393.512819682, 32246.5110, 190
500.0, 2984779.92619979, 23658.6200, 201
500.0, 2744799.738100698, 16712.2280, 198
500.0, 2237829.5931729726, 23916.3380, 189
500.0, 2752484.0962317027, 20688.1770, 202
500.0, 3051496.696436205, 22940.8370, 183
500.0, 2305787.407098007, 29389.8290, 180
500.0, 2204140.7603916093, 19611.1830, 182
500.0, 2120153.877624516, 20897.1680, 186
500.0, 2376829.853614487, 32995.6300, 179
500.0, 3103384.885237674, 21454.2880, 220
500.0, 2402427.7953998824, 20045.8870, 196
500.0, 2583012.859858328, 20030.8150, 196
500.0, 2213024.891221595, 21905.5880, 202
500.0, 2743193.2300622337, 20091.5400, 211
500.0, 2650261.481792946, 33857.4480, 184
500.0, 2496715.076608028, 31600.7610, 205
500.0, 3010363.015594709, 30421.5980, 201
500.0, 2664658.7078436394, 22146.6990, 192
500.0, 2549208.3722362616, 18524.1330, 200
500.0, 2242851.856773859, 23370.3280, 192
500.0, 2591568.7328672195, 36496.1250, 202
500.0, 2425768.9685602724, 32354.3020, 172
500.0, 2711073.774791754, 32444.3880, 206
500.0, 2307984.263476256, 21328.1430, 197
500.0, 2311590.504160445, 24334.9330, 196
600.0, 2047542.4788730298, 16891.0390, 188
600.0, 2059477.9689019658, 29185.6210, 184
600.0, 2378819.528451461, 23062.7190, 196
600.0, 2433303.7989244196, 24563.0050, 184
600.0, 1890821.4641727658, 15130.6190, 179
600.0, 2545608.392215433, 28791.4370, 182
600.0, 2546741.195586749, 31613.2850, 202
600.0, 2329135.66781063, 24122.8500, 188
600.0, 2558166.7578892736, 20457.6200, 200
600.0, 2816099.560046804, 18372.5570, 190
600.0, 2462966.9109298796, 26899.8790, 195
600.0, 2852444.675336605, 20081.8270, 192
600.0, 3254854.852246107, 31346.3010, 208
600.0, 2497442.522844783, 17441.5440, 203
600.0, 2948206.5869350396, 25193.5220, 196
600.0, 2634741.604958209, 26838.3870, 178
600.0, 2173429.2065904965, 30908.2160, 201
600.0, 2514125.2188701695, 31490.6360, 183
600.0, 2132363.702429392, 25495.4750, 192
600.0, 2320760.7030874966, 20122.5890, 184
600.0, 2833580.7024584142, 19842.0590, 194
600.0, 2823639.123457682, 22950.6560, 201
600.0, 2574835.568955808, 38425.3640, 194
600.0, 3042300.76771701, 39655.6540, 208
600.0, 2770693.3680787124, 26577.4010, 194
600.0, 3062403.788611508, 25336.0820, 194
600.0, 3010525.289331171, 17339.3550, 186
600.0, 2550249.0749744857, 44494.3110, 191
600.0, 2424654.029155976, 29962.5510, 192
600.0, 3305323.683539987, 38910.6040, 201
600.0, 2727472.6291363137, 27953.8920, 200
600.0, 2273650.118730914, 19282.0450, 184
600.0, 2959554.6744881487, 18577.4580, 202
600.0, 2387044.175476672, 22788.0970, 202
600.0, 3208515.424186942, 27773.2540, 210
600.0, 2411813.978119308, 23559.7490, 188
600.0, 2621536.08697045, 22747.1880, 189
600.0, 2191556.1415204583, 25132.0170, 179
600.0, 2727899.0524052917, 36293.1440, 181
600.0, 3068781.5454097455, 32035.2670, 184
600.0, 2709709.039569027, 33257.8560, 190
600.0, 2832766.0998128043, 36165.2690, 196
600.0, 2452188.3509735456, 34412.0660, 197
600.0, 2362217.952672787, 29678.6840, 182
600.0, 2419298.0471073464, 22909.0520, 162
600.0, 2105813.4399093296, 30184.9600, 187
600.0, 2736981.9670998915, 25217.7270, 201
600.0, 2573525.4225223768, 27396.2910, 193
600.0, 2592832.786162124, 18154.1500, 185
600.0, 2617700.332012654, 24623.2980, 184
600.0, 2761573.8892257554, 23936.3520, 211
600.0, 2860542.4046752965, 23715.2110, 200
600.0, 2619721.9061645307, 19657.6130, 187
600.0, 2923564.6040516463, 33105.3780, 190
600.0, 2349510.353160593, 25030.8510, 186
600.0, 2551398.4950234485, 35101.2920, 190
600.0, 2796087.577469035, 31612.1040, 198
600.0, 2000875.8294206485, 22864.2640, 181
600.0, 2659058.590334892, 25154.7090, 180
600.0, 2688547.316675965, 35916.5080, 190
600.0, 2607209.28274238, 33141.3040, 182
600.0, 2469092.554571102, 33712.1330, 177
600.0, 3085187.177457765, 23950.2270, 190
600.0, 2291909.478054317, 13251.1430, 181
600.0, 3000836.027570231, 29102.6860, 199
600.0, 2311196.580061929, 22488.4730, 188
600.0, 2564010.6761207557, 27120.5110, 196
600.0, 2613569.380100979, 18637.1610, 195
600.0, 2258207.7247323836, 22736.0030, 182
600.0, 2355688.5897730486, 20709.1760, 189
600.0, 2171768.3566722604, 19038.6440, 186
600.0, 2759134.737387785, 25018.2020, 194
600.0, 2830157.8236659206, 20489.9760, 174
600.0, 2306199.6666558716, 27351.0940, 173
600.0, 2902459.3246073104, 22022.0440, 185
600.0, 2522988.8762489012, 19968.1430, 186
600.0, 2473358.5122547154, 23935.2350, 193
600.0, 2983794.6094211657, 28694.2230, 188
600.0, 2402447.25020955, 23312.1010, 202
600.0, 2381041.4140004236, 27658.4340, 187
600.0, 2589799.624079225, 24973.4290, 182
600.0, 2200791.816482199, 25093.5210, 192
600.0, 1698624.4730193347, 21411.5990, 184
600.0, 3016535.8477235497, 29494.6180, 206
600.0, 2858695.8994192355, 20772.8880, 209
600.0, 2577626.5941364844, 24310.4330, 201
600.0, 2180295.8666708563, 25704.6980, 179
600.0, 2904094.4232338364, 19819.2520, 186
600.0, 2638618.175691178, 32298.3030, 181
600.0, 2694575.8725058287, 23461.6470, 207
600.0, 3377090.7862813533, 48435.9270, 206
600.0, 2385395.238096498, 18392.6700, 163
600.0, 3020180.2261020034, 31275.4700, 195
600.0, 3484265.566958064, 29291.9270, 202
600.0, 1922337.2351495598, 19165.8740, 177
600.0, 2313429.0730443047, 29716.9330, 189
600.0, 2445051.2237571445, 20303.4690, 180
600.0, 2535493.307775802, 24535.4420, 190
600.0, 2112639.8886864167, 16700.7570, 191
600.0, 2957181.9799555535, 20147.5610, 191
600.0, 2526666.071725854, 26570.2570, 192
600.0, 2513948.54068793, 22089.4470, 204
600.0, 2553263.002303142, 29406.1800, 181
600.0, 2817018.9880506275, 20120.1370, 198
600.0, 3070140.8805275755, 29855.8060, 206
600.0, 2144751.2194113685, 31588.0010, 200
600.0, 2908106.3380215, 35373.0690, 199
600.0, 2503253.3191750627, 13921.3770, 194
600.0, 2580893.1994509865, 21232.2330, 200
600.0, 2625328.0892450805, 23770.7230, 196
600.0, 2421771.243932332, 17028.4730, 198
600.0, 2493726.5859641694, 21499.9040, 192
600.0, 3059071.189766956, 25800.1050, 200
600.0, 2290324.145351557, 29962.7940, 190
600.0, 2508327.7705090595, 32623.3940, 197
600.0, 2405135.0990488236, 21316.5620, 178
600.0, 2578197.753501758, 34562.4190, 187
600.0, 2945942.772918149, 19683.5910, 191
600.0, 2129449.8706855206, 26035.6660, 179
600.0, 2346480.767310356, 26472.3160, 176
600.0, 2128282.407009188, 24113.9390, 175
600.0, 2501995.2172865323, 14930.5160, 188
600.0, 2516456.049369078, 30260.0340, 200
600.0, 2444820.5507130823, 22480.9830, 199
600.0, 2485416.205335184, 24443.3510, 187
600.0, 2954267.702423282, 33742.1940, 196
600.0, 2502703.1366605265, 40000.9110, 200
600.0, 2393979.3407910485, 28498.8340, 185
600.0, 2523268.338247269, 28947.0670, 197
600.0, 2430817.610612402, 16190.0380, 171
600.0, 2529545.7067470825, 22413.5310, 189
600.0, 2855702.5444522384, 21620.0570, 188
600.0, 2546331.321021209, 28647.9420, 196
600.0, 2228655.602822129, 39967.2060, 156
600.0, 2674712.540571464, 19707.8740, 203
600.0, 3225662.5418490064, 27130.9560, 186
600.0, 2823582.7734211585, 21295.0570, 201
600.0, 2487158.662419118, 23891.0760, 189
600.0, 2440827.4055688647, 18077.6980, 180
600.0, 2399983.7544231657, 30435.9750, 211
600.0, 2642554.976818197, 36939.9560, 182
600.0, 2665646.8315125233, 22073.2790, 200
600.0, 2942736.6698052934, 19692.3610, 195
600.0, 3028996.158267675, 25656.8470, 185
600.0, 2447774.322165512, 36277.3110, 213
600.0, 2852093.8772022477, 38619.6420, 190
600.0, 2641889.3445831635, 18958.0900, 185
600.0, 2672598.5935896453, 26277.6080, 176
600.0, 2881267.0649363054, 20990.4240, 209
600.0, 2005213.086368492, 31669.6870, 185
600.0, 2542568.4036469962, 21447.7710, 189
600.0, 2419147.1281761806, 19516.1310, 182
600.0, 2189716.449076878, 29793.0040, 186
600.0, 2658713.355490401, 39058.4630, 180
600.0, 2655419.4396116002, 24633.6230, 199
600.0, 2487448.2692174194, 30909.4580, 195
600.0, 3004750.2475111918, 27060.3860, 198
600.0, 2742571.2074502297, 31767.4460, 186
600.0, 2907020.459084009, 24362.5610, 200
600.0, 2121653.085155498, 36519.2520, 203
600.0, 2340597.543119144, 27309.9770, 177
600.0, 2199287.5458961446, 24210.0680, 198
600.0, 2223480.7021880713, 41520.9450, 189
600.0, 2475567.160240274, 35094.2120, 191
600.0, 2969317.1047123484, 23256.9860, 200
600.0, 2765940.366521921, 19588.4380, 200
600.0, 2373256.2206169376, 23497.3720, 186
600.0, 2721304.298860096, 19723.7370, 199
600.0, 2837356.568814584, 28427.0910, 187
600.0, 2304695.3359218636, 28046.5210, 182
600.0, 2277284.9352853578, 21844.3280, 180
600.0, 2302252.4002041393, 19332.6310, 182
600.0, 2230980.9716604063, 29448.9530, 183
600.0, 2939015.1658472093, 18109.9050, 218
600.0, 2386324.6449774206, 21545.3650, 198
600.0, 2437866.292903938, 21097.5650, 203
600.0, 2281675.863935814, 18359.2670, 200
600.0, 2620207.924990972, 18698.1760, 211
600.0, 2558323.173828806, 34367.5760, 183
600.0, 2431225.6704395786, 26173.2910, 203
600.0, 3027851.3992017815, 29909.5550, 202
600.0, 2755630.795297452, 17570.0130, 189
600.0, 2477733.225638365, 19366.4820, 202
600.0, 1988524.657200315, 25366.9910, 195
600.0, 2546251.505152299, 32803.5610, 203
600.0, 2507304.7890119376, 32139.0810, 166
600.0, 2877079.069964026, 34731.7210, 203
600.0, 2229343.455826899, 17383.5110, 197
600.0, 2322560.5271592736, 29781.1170, 200
600.0, 2402166.1052627303, 33778.4940, 185
600.0, 2507573.973178994, 21574.0790, 196
600.0, 2351604.490865058, 35143.2890, 182
600.0, 2964201.632197552, 30247.1990, 207
600.0, 2553630.883492418, 24845.7690, 195
600.0, 2412559.0896779583, 26514.8910, 190
600.0, 2533842.62656235, 18670.2020, 185
600.0, 2412714.704335664, 31979.3870, 172
600.0, 3360718.834675875, 16887.1200, 186
600.0, 2439037.5896204575, 22182.2850, 187
600.0, 2766303.398795769, 24103.2230, 212
700.0, 2801077.630618024, 21530.8890, 197
700.0, 3331255.92717623, 33886.0590, 207
700.0, 2514705.708088711, 21112.2170, 203
700.0, 2998093.1278515803, 24656.5070, 192
700.0, 2614102.9280280727, 26214.2500, 178
700.0, 2137886.252484344, 28518.1220, 200
700.0, 2546601.8598167645, 28572.1690, 183
700.0, 2150621.8152818675, 24983.4110, 192
700.0, 2331779.689714554, 21557.6400, 179
700.0, 2931849.545010981, 16701.2030, 193
700.0, 2720097.0985927624, 29301.3660, 196
700.0, 2521067.2554319133, 37019.6630, 197
700.0, 3000002.773513236, 42422.0120, 210
700.0, 2862300.908458321, 28207.4440, 196
700.0, 3186046.607874946, 33977.9150, 192
700.0, 2978202.6089035184, 19988.6590, 192
700.0, 2482498.702333953, 45852.2420, 187
700.0, 2544382.0014252523, 32489.1530, 192
700.0, 3261006.3248810684, 36430.2430, 200
700.0, 2884189.303032826, 28583.8540, 198
700.0, 2370108.9676990714, 20451.4660, 188
700.0, 2878864.040016695, 16706.8370, 204
700.0, 2325386.934634906, 19147.0740, 201
700.0, 3114208.5854152744, 25636.9540, 215
700.0, 2277138.308803371, 23183.6430, 190
700.0, 2519374.6514490964, 25049.4400, 187
700.0, 2236698.1290337443, 20366.9260, 177
700.0, 2754242.3472511414, 36208.9940, 177
700.0, 3104268.611397816, 31192.5680, 184
700.0, 2920450.5854104445, 31473.1520, 187
700.0, 2672690.622523939, 36420.2950, 197
700.0, 2408725.5847254307, 36840.2400, 198
700.0, 2300611.9644704317, 33387.9480, 180
700.0, 2270449.1181467446, 25730.0820, 166
700.0, 2103297.132154157, 24349.1030, 180
700.0, 2914712.9624250806, 21264.4260, 197
700.0, 2575443.576343733, 21833.4680, 193
700.0, 2431220.2621952374, 19539.8140, 187
700.0, 2731479.0453426386, 26918.0770, 183
700.0, 2642330.3937216867, 23744.3990, 210
700.0, 2747405.213318849, 22682.1130, 201
700.0, 2514046.187001696, 19224.5160, 188
700.0, 2782442.6067185677, 33358.0700, 192
700.0, 2433848.624065932, 27735.6390, 186
700.0, 2500623.14931789, 35676.2130, 192
700.0, 2727819.370660104, 33260.0880, 199
700.0, 2038879.3767493863, 19655.0050, 180
700.0, 2670096.524985331, 26826.0380, 180
700.0, 2591539.9685288053, 34304.3400, 192
700.0, 2555820.9825540325, 29187.9580, 184
700.0, 2478845.5470172334, 33749.6120, 177
700.0, 3254443.065725347, 20836.8570, 190
700.0, 2257089.5701063354, 14968.2700, 183
700.0, 2834144.554130256, 25144.1170, 203
700.0, 2401054.8080660254, 23145.8420, 188
700.0, 2467242.316735681, 27459.9800, 197
700.0, 2648854.7874831464, 17275.4840, 191
700.0, 2307484.121801377, 24397.3550, 181
700.0, 2345807.8171402696, 19923.7860, 189
700.0, 2225195.0414359393, 15684.1680, 184
700.0, 2698798.451070803, 33329.8000, 196
700.0, 2594133.2736150254, 23575.9770, 174
700.0, 2244698.4827493024, 26002.5600, 174
700.0, 2796676.0624307496, 23991.1660, 184
700.0, 2510469.4124671863, 19694.4940, 186
700.0, 2313355.049061501, 26074.5100, 193
700.0, 2680850.2040456883, 34790.5560, 195
700.0, 2279897.5121039264, 18822.7560, 202
700.0, 2358335.3435892123, 24076.0070, 189
700.0, 2597034.224224861, 24690.7390, 184
700.0, 2211605.088173941, 22862.9750, 187
700.0, 1691904.8039721232, 24054.7990, 184
700.0, 2897488.893258309, 33131.0250, 202
700.0, 2714006.056394201, 21643.7100, 210
700.0, 2616018.5522716884, 22400.8830, 201
700.0, 2312419.855657894, 22380.2550, 176
700.0, 2846337.62019326, 27570.0550, 188
700.0, 2441446.8658765396, 35882.6070, 183
700.0, 2756793.98889045, 20380.2010, 204
700.0, 3437110.9051085445, 46374.1050, 208
700.0, 2443755.2554112794, 17600.2120, 161
700.0, 2919107.927434574, 35114.8190, 200
700.0, 3390845.456682861, 32580.5140, 205
700.0, 2278675.3025710233, 16404.4160, 173
700.0, 2434171.3940933226, 23230.2420, 187
700.0, 2393296.1591098374, 25169.9690, 180
700.0, 2368552.2977733356, 24218.2830, 196
700.0, 2194546.604451826, 16730.3400, 187
700.0, 2784881.213364878, 25134.7690, 199
700.0, 2468628.9259802005, 26324.2470, 192
700.0, 2495154.630501531, 23021.8920, 202
700.0, 2374267.2394925156, 32472.7280, 181
700.0, 2851767.5367694898, 18728.8400, 192
700.0, 2866988.124422936, 27992.3780, 208
700.0, 2110876.91093514, 32130.7840, 200
700.0, 2736585.0107684378, 34087.6150, 205
700.0, 2609712.2707435824, 14828.9190, 196
700.0, 2451730.050603401, 21125.6090, 201
700.0, 2707041.154676815, 20659.2610, 196
700.0, 2315739.733768462, 23499.4580, 198
700.0, 2566761.1196935615, 24327.9060, 193
700.0, 3059806.288604113, 26235.8380, 201
700.0, 2236632.774378366, 28767.5220, 190
700.0, 2603337.4977954742, 24570.1120, 190
700.0, 2334417.4532311927, 27339.8410, 182
700.0, 2478786.648924356, 34498.7380, 187
700.0, 3212809.2458653604, 17526.4510, 189
700.0, 2054135.5536589306, 27247.2970, 179
700.0, 2241523.854338125, 26199.6450, 180
700.0, 2062312.6209043944, 18619.7540, 174
700.0, 2511825.8540470246, 17831.7700, 189
700.0, 2326375.634489778, 32856.0020, 200
700.0, 2350134.1407963005, 25419.0920, 202
700.0, 2683156.0811483464, 25223.2740, 187
700.0, 3334775.505621696, 33746.6670, 184
700.0, 2499092.3340313896, 37373.6540, 200
700.0, 2489496.7863966445, 27865.1530, 181
700.0, 2409824.545788906, 31727.3020, 198
700.0, 2527511.7102897647, 17797.2090, 167
700.0, 2320875.443762631, 18035.9440, 189
700.0, 2721730.7708141026, 25549.7410, 192
700.0, 2637164.6567732627, 21698.0860, 193
700.0, 2168779.981946341, 46037.9080, 158
700.0, 2671013.655888745, 20812.2610, 203
700.0, 3445566.8734099804, 25516.7100, 185
700.0, 2817075.484931764, 22280.0550, 201
700.0, 2395493.7662352878, 30425.1850, 191
700.0, 2301060.202343513, 21046.6860, 184
700.0, 2429282.3430478848, 26812.5590, 211
700.0, 2552504.0917556994, 35920.7260, 184
700.0, 2777008.830279507, 20542.5410, 194
700.0, 2774322.417370691, 24369.3370, 201
700.0, 3192421.4001858267, 25194.3620, 182
700.0, 2485924.436556443, 35589.5430, 212
700.0, 2558520.8699114895, 38626.8330, 192
700.0, 2529963.203372126, 28519.7090, 188
700.0, 2661081.135071179, 21437.2340, 176
700.0, 2866223.2904227832, 27693.8800, 210
700.0, 2041586.7685900715, 29978.4080, 185
700.0, 2356353.2469913308, 22187.2260, 195
700.0, 2498161.8049889957, 17536.9730, 178
700.0, 2105430.873222216, 32029.8080, 186
700.0, 2583170.9209709642, 38965.0220, 181
700.0, 2726226.2265026667, 22124.2850, 197
700.0, 2351331.484390135, 27149.9260, 196
700.0, 2956656.990759799, 26189.2200, 199
700.0, 2746482.715750807, 35237.8840, 188
700.0, 2736824.458968465, 19570.8600, 203
700.0, 2484756.3909184276, 30671.8990, 197
700.0, 2153605.0922369417, 31303.0170, 183
700.0, 2251149.2574564414, 18334.1040, 193
700.0, 2230501.586816006, 32260.1880, 189
700.0, 2420972.9860548144, 38318.7650, 193
700.0, 3058865.1310271653, 22774.3430, 202
700.0, 2651348.1432567937, 19746.8480, 196
700.0, 2174511.796264828, 27749.5400, 191
700.0, 2809746.206336681, 19558.4810, 200
700.0, 2809971.8354348377, 25776.6860, 185
700.0, 2296875.4039199017, 28576.7680, 180
700.0, 2162070.9500150955, 20166.1690, 184
700.0, 2185394.765768189, 21298.0480, 182
700.0, 2293573.3386094407, 29215.3900, 180
700.0, 3003150.879168142, 20979.1350, 220
700.0, 2286270.2301813154, 21866.7780, 199
700.0, 2557475.173911508, 22975.9720, 202
700.0, 2225153.0402324293, 21549.8970, 201
700.0, 2792104.207930516, 20059.5970, 210
700.0, 2604296.6930703847, 32558.0810, 183
700.0, 2559167.1813291195, 30516.7490, 203
700.0, 2987506.3896068353, 27471.4050, 202
700.0, 2696083.5434403904, 19609.2040, 190
700.0, 2294554.4860192933, 18061.5190, 200
700.0, 1954800.7196985078, 21076.5080, 192
700.0, 2737701.138368376, 35090.5990, 198
700.0, 2290723.863395318, 35038.7270, 170
700.0, 2847419.96307552, 35708.5230, 203
700.0, 2267387.1654197657, 18930.9310, 196
700.0, 2340120.1597407497, 25839.2500, 198
700.0, 2310887.187446308, 27379.2150, 187
700.0, 2344586.9137865794, 20755.2890, 200
700.0, 2552640.1632935456, 32408.6630, 177
700.0, 3032020.8162224693, 28385.0200, 206
700.0, 2510172.8198676896, 20978.8440, 195
700.0, 2480488.24253826, 23982.9050, 188
700.0, 2318437.4865697296, 19757.2190, 188
700.0, 2278874.901276305, 28009.9210, 173
700.0, 2991719.3338849363, 14321.8450, 191
700.0, 2420720.603961006, 26075.0900, 185
700.0, 2883563.627967847, 26426.5640, 207
700.0, 2350582.171714593, 24189.5910, 202
700.0, 3262794.0747357584, 23568.0620, 198
700.0, 2624395.0878657843, 19178.8030, 194
700.0, 2110529.057035254, 23714.6200, 188
700.0, 2338486.90714008, 25631.1090, 184
700.0, 2307427.1581554245, 25645.0290, 190
700.0, 2395777.4915149533, 24673.6230, 185
700.0, 2560516.405704762, 29949.1670, 187
700.0, 2379912.0419630543, 25756.3640, 176
700.0, 2724687.609544696, 16982.3360, 184
700.0, 2448558.721758446, 21048.4710, 167
800.0, 2559856.081138616, 38439.3930, 192
800.0, 2961432.3262446653, 38886.0520, 207
800.0, 2791200.0742210425, 26301.3900, 198
800.0, 3010724.278378134, 31964.0950, 196
800.0, 3052002.09137528, 15189.9560, 191
800.0, 2627861.900559339, 39302.0400, 185
800.0, 2507941.9443014082, 32296.5420, 190
800.0, 3111042.165483888, 40870.5010, 206
800.0, 2808296.7968488117, 26460.6920, 198
800.0, 2343513.4883863954, 21072.9230, 185
800.0, 2665050.937595858, 16875.0550, 203
800.0, 2586042.804280987, 17343.1940, 200
800.0, 3015884.2117266757, 25036.4300, 215
800.0, 2332563.534050607, 25509.3860, 188
800.0, 2444448.5682866755, 25602.7500, 190
800.0, 2136214.2106060903, 23965.6410, 181
800.0, 2766483.639808229, 44113.7370, 177
800.0, 2892302.7697429745, 38727.2380, 187
800.0, 2901133.8125523436, 31857.3590, 188
800.0, 2604789.441614256, 36153.9900, 196
800.0, 2364815.2785919774, 32197.9080, 197
800.0, 2290324.5205616476, 29873.8550, 178
800.0, 2254997.9041770115, 26768.9620, 166
800.0, 1995570.469727902, 22678.0930, 186
800.0, 2656448.06558809, 25068.1750, 198
800.0, 2567804.2781654396, 23868.7790, 196
800.0, 2540714.6340632234, 19607.7790, 185
800.0, 2608950.3596443883, 22020.2680, 185
800.0, 2496134.0962078557, 26786.9410, 211
800.0, 2675946.9053931627, 24639.7170, 203
800.0, 2489525.158943612, 16774.9230, 187
800.0, 2864978.2132699997, 36282.7410, 190
800.0, 2405000.846013621, 22074.3770, 187
800.0, 2646805.4161970136, 34447.9140, 188
800.0, 2865260.086940989, 28054.8900, 198
800.0, 2008908.6916337598, 21121.9280, 178
800.0, 2523726.406074726, 30476.1500, 184
800.0, 2583490.290101473, 36318.8690, 192
800.0, 2531163.730728788, 30290.4700, 180
800.0, 2626248.803607916, 30105.7990, 175
800.0, 3276339.5197663126, 24511.1510, 188
800.0, 2239301.59321817, 16083.6580, 181
800.0, 2774032.9830640364, 27765.0020, 202
800.0, 2249992.283858508, 26786.1820, 193
800.0, 2441792.621626909, 23875.1610, 194
800.0, 2537805.48674543, 15685.3140, 194
800.0, 2311206.428808997, 22552.4160, 179
800.0, 2235349.2598552643, 20484.4340, 194
800.0, 2156581.5220478554, 16955.2890, 188
800.0, 2760441.8042441527, 30474.2270, 196
800.0, 2641663.114020127, 19512.2750, 176
800.0, 2295345.0303378794, 29629.0320, 176
800.0, 2865701.49538551, 19099.9640, 185
800.0, 2376898.1393681644, 21263.2050, 185
800.0, 2209953.35947666, 27081.6330, 196
800.0, 2771515.0693133012, 30916.0440, 192
800.0, 2466362.8272135933, 16241.9950, 200
800.0, 2346775.2674641837, 25455.2660, 192
800.0, 2615549.6787632313, 24656.6440, 180
800.0, 2228100.6992364596, 21383.6470, 188
800.0, 1692757.5613035692, 23042.6210, 185
800.0, 3050217.9384215577, 34264.1000, 203
800.0, 2572955.705416526, 20919.0730, 214
800.0, 2502187.9924361347, 20511.4180, 202
800.0, 2187382.8718690863, 22613.1960, 181
800.0, 2987583.645779533, 29465.4490, 182
800.0, 2699509.6069642357, 27476.1770, 180
800.0, 2799801.4765177784, 20854.7930, 202
800.0, 3320187.0481546046, 44151.6640, 204
800.0, 2475881.5310820895, 17576.9500, 160
800.0, 2906770.894214478, 33043.6190, 196
800.0, 3366284.171010692, 32775.9600, 204
800.0, 2043597.851333686, 20937.6670, 174
800.0, 2344077.9167780313, 27302.5270, 192
800.0, 2391422.2104914393, 23462.7150, 180
800.0, 2512755.493823966, 23993.7620, 192
800.0, 2088847.5097773294, 17061.7020, 191
800.0, 2900910.455177991, 19407.2310, 198
800.0, 2548442.169443275, 25653.6170, 191
800.0, 2458292.985143638, 21293.0600, 204
800.0, 2434648.9587167543, 23803.1190, 178
800.0, 2725190.1846094355, 19676.7200, 195
800.0, 3036049.150192948, 28640.4090, 208
800.0, 2227059.070166371, 31168.9020, 197
800.0, 2741013.9439530578, 30103.3320, 204
800.0, 2524161.4299995345, 19860.8460, 196
800.0, 2338083.5353129595, 22283.8620, 206
800.0, 2348517.3926034253, 23062.4190, 204
800.0, 2474494.7420498882, 22852.6530, 196
800.0, 2709533.568412778, 21983.0030, 192
800.0, 3184750.1022599693, 20430.3700, 197
800.0, 2231903.3326701242, 30600.2100, 190
800.0, 2534583.519147791, 29469.3750, 197
800.0, 2417663.058310251, 23898.4260, 179
800.0, 2481823.077256964, 36380.7900, 186
800.0, 3277237.2428049017, 17539.5900, 192
800.0, 2095915.089821158, 27383.2980, 179
800.0, 2225495.9972327687, 24483.1030, 180
800.0, 2078461.273152178, 19970.1520, 175
800.0, 2491200.4134788555, 16176.7940, 184
800.0, 2346747.081376781, 31287.5980, 202
800.0, 2560152.9286557594, 21362.0310, 195
800.0, 2600478.5458507035, 22386.1040, 186
800.0, 3097340.2908776514, 37063.2690, 192
800.0, 2716450.2055684905, 34596.1830, 192
800.0, 2284316.5810814104, 26036.2480, 185
800.0, 2446621.5945280786, 30850.1180, 195
800.0, 2472857.20217645, 21478.1070, 171
800.0, 2492766.3137596496, 17863.8790, 186
800.0, 2685263.8080094927, 22252.6670, 194
800.0, 2355021.382342674, 26863.1790, 196
800.0, 2212430.805296837, 40332.6690, 156
800.0, 2660531.719821476, 23675.7330, 207
800.0, 3366894.9840572192, 26356.2340, 187
800.0, 2971015.7047464456, 22428.2400, 201
800.0, 2460272.770884062, 23834.7760, 187
800.0, 2209476.6919290544, 21505.7750, 184
800.0, 2459988.5281112385, 28944.6100, 211
800.0, 2557127.0425212667, 36807.2410, 182
800.0, 2782223.24883366, 17915.5050, 198
800.0, 3017847.5309827337, 22914.5330, 193
800.0, 3191270.2467364734, 20712.5530, 183
800.0, 2679703.4272519066, 32572.8120, 205
800.0, 2710645.3932550834, 35090.6860, 195
800.0, 2491772.2525723563, 30381.8370, 190
800.0, 2665399.2097989237, 21712.1250, 176
800.0, 2990321.481208111, 25865.2070, 206
800.0, 1857595.2021834787, 32832.7880, 185
800.0, 2472580.2524459823, 22463.3500, 193
800.0, 2501332.792840104, 16350.0510, 180
800.0, 2287528.018619646, 32995.5850, 186
800.0, 2457561.487859897, 37366.6760, 182
800.0, 2854377.4035681305, 22419.1780, 192
800.0, 2504280.5956392996, 27663.2150, 191
800.0, 2998451.5939649246, 25639.8400, 200
800.0, 2832204.771973902, 30444.2160, 184
800.0, 2768383.7812148174, 20058.9050, 202
800.0, 2477491.8608220345, 30633.3790, 196
800.0, 2273850.848833722, 25524.4150, 181
800.0, 2132626.525274955, 20032.4410, 195
800.0, 2299554.563243022, 36391.7710, 186
800.0, 2489674.544447654, 35430.9520, 193
800.0, 3061076.6674647164, 23728.2610, 203
800.0, 2792917.4782162094, 15028.4610, 198
800.0, 2303273.1781689324, 21895.1940, 189
800.0, 2711553.8061641874, 17332.9880, 200
800.0, 2893263.0448314035, 26718.4780, 184
800.0, 2250643.0705700982, 32938.6840, 184
800.0, 2176576.459700016, 21034.0250, 182
800.0, 2209061.216346983, 24524.2770, 185
800.0, 2288589.8824751796, 25972.1150, 182
800.0, 3464704.8359020445, 19810.7370, 216
800.0, 2511205.3164738826, 21219.6960, 198
800.0, 2677946.2718740655, 23735.4790, 202
800.0, 2364957.2468151078, 21098.6760, 197
800.0, 2842726.244869952, 17279.7040, 208
800.0, 2753629.8934291643, 33518.1680, 180
800.0, 2421060.361510167, 25577.1320, 204
800.0, 2795072.6559455465, 34234.5800, 208
800.0, 2824700.1742582005, 17972.7240, 190
800.0, 2515024.7298253095, 19013.7080, 198
800.0, 2062418.212467303, 22506.1550, 194
800.0, 2557389.198283265, 38580.7480, 202
800.0, 2412354.5481249215, 31128.9190, 170
800.0, 3083396.682325008, 29443.4140, 199
800.0, 2241650.723194563, 20482.0290, 197
800.0, 2265930.2212001686, 24543.5650, 197
800.0, 2381594.2857012753, 30955.0430, 183
800.0, 2339616.9209630187, 17612.8790, 198
800.0, 2405374.005070737, 37013.2660, 181
800.0, 3010221.9626259017, 30079.9670, 206
800.0, 2648932.4037580173, 23650.3790, 193
800.0, 2387124.101981957, 24553.0470, 190
800.0, 2278185.9023910635, 19390.1360, 188
800.0, 2324650.487637658, 29888.9090, 172
800.0, 3276826.2470310703, 15874.8640, 189
800.0, 2527741.531391934, 23000.7350, 187
800.0, 2794512.463075922, 27284.5680, 210
800.0, 2326297.0765636717, 28562.8130, 202
800.0, 3144793.410479168, 22540.7900, 199
800.0, 2430538.1078695, 20232.9690, 198
800.0, 2237499.750394344, 25953.3960, 185
800.0, 2362529.943987195, 23047.8740, 182
800.0, 2302719.3973637535, 26746.0470, 190
800.0, 2325770.4624382285, 26823.4200, 184
800.0, 2551580.6942947633, 26582.5470, 186
800.0, 2393749.6654027035, 26272.0570, 176
800.0, 2658207.302349425, 20230.4490, 186
800.0, 2424401.0960094254, 20059.3200, 168
800.0, 2416197.033800469, 21058.2760, 195
800.0, 3066463.273980059, 25827.3470, 187
800.0, 2727098.8185255216, 33751.5340, 200
800.0, 2278471.8394548367, 21640.7380, 186
800.0, 2779102.947371032, 27375.1100, 192
800.0, 2098790.770766644, 25281.9450, 198
800.0, 2679406.0331795705, 30097.3410, 189
800.0, 2823268.962154227, 20875.6570, 190
800.0, 2701824.460852257, 24487.3210, 192
800.0, 2629456.3893726883, 24476.4820, 206
800.0, 2644991.4201619676, 21002.4330, 199
900.0, 2380584.5457247347, 22134.4130, 203
900.0, 3249117.3414757117, 25452.7460, 206
900.0, 2462628.494105581, 25072.2490, 185
900.0, 2416171.7226462676, 24866.6700, 190
900.0, 2103232.422843132, 19310.7860, 182
900.0, 2789527.8305897494, 35172.8130, 179
900.0, 3027571.876065847, 33728.8490, 184
900.0, 2887971.286761022, 30339.3320, 185
900.0, 2817252.240244396, 33504.7330, 194
900.0, 2435006.5197728546, 34335.9230, 195
900.0, 2350496.552501418, 30064.2600, 180
900.0, 2315677.368545522, 26427.2280, 166
900.0, 2006445.8126475199, 27676.2310, 188
900.0, 2963811.319375541, 19366.3830, 197
900.0, 2570396.6011777557, 25865.8350, 192
900.0, 2469125.6049431413, 20912.6540, 187
900.0, 2764466.6124635157, 21791.3260, 185
900.0, 2556119.5883051474, 24111.4430, 213
900.0, 2834305.359097741, 22011.1750, 199
900.0, 2508656.2526015774, 20404.1980, 184
900.0, 2976458.775682633, 34897.7660, 192
900.0, 2338755.2264973074, 25561.2980, 188
900.0, 2506795.459970383, 33462.0100, 188
900.0, 2861492.194816855, 30927.9380, 197
900.0, 2100534.1053144755, 23587.8490, 177
900.0, 2498138.2795886495, 26816.8080, 185
900.0, 2374632.713742692, 29101.6060, 192
900.0, 2371301.0152714266, 32356.3540, 187
900.0, 2620549.0277650086, 28986.0050, 174
900.0, 3011389.8674545805, 21260.3250, 190
900.0, 2232529.2371573295, 16213.3400, 184
900.0, 2903634.548758601, 30022.0120, 201
900.0, 2426334.9298814386, 26442.4880, 188
900.0, 2510284.6708764452, 26169.8570, 194
900.0, 2597697.2644930547, 18363.2640, 192
900.0, 2273052.760595692, 25641.7310, 183
900.0, 2323869.252281164, 26254.3700, 191
900.0, 2077185.6172802353, 17913.7410, 190
900.0, 2643519.4190692157, 33363.0120, 196
900.0, 2896947.777537475, 21959.6580, 173
900.0, 2276141.0202909135, 28644.2500, 175
900.0, 2833110.734219626, 22625.9760, 186
900.0, 2467355.6852277745, 22906.8310, 185
900.0, 2319451.810284576, 27221.3280, 194
900.0, 2670152.896350017, 34190.0590, 192
900.0, 2690962.3799793595, 22568.0940, 195
900.0, 2434322.4149189233, 28449.7580, 191
900.0, 2352955.4898058265, 24120.1320, 187
900.0, 2090057.3268213787, 28799.2200, 190
900.0, 1758059.3458192581, 23605.0620, 182
900.0, 3118123.090122484, 27472.4040, 200
900.0, 2540153.1771625225, 16842.7630, 212
900.0, 2407893.18266052, 22564.9460, 201
900.0, 2178560.8124380796, 23750.1030, 176
900.0, 2816294.7758450764, 20974.5940, 186
900.0, 2634908.4403993143, 30075.5340, 180
900.0, 2731098.5180916484, 19654.4250, 206
900.0, 3394758.029885653, 46879.5280, 208
900.0, 2381883.128467335, 20949.5870, 163
900.0, 2977460.513035142, 30147.4900, 196
900.0, 3342294.6762532652, 30296.6070, 205
900.0, 2204838.848003394, 16547.4890, 169
900.0, 2378457.04943816, 24255.6350, 190
900.0, 2525594.4879385126, 22662.9920, 178
900.0, 2552608.928344931, 21400.2230, 191
900.0, 2148848.9284472633, 15154.9670, 190
900.0, 2903708.4482758795, 23552.9810, 198
900.0, 2612708.797938385, 24253.0210, 190
900.0, 2509656.4147755634, 24048.0950, 204
900.0, 2485848.9502775855, 25218.0230, 178
900.0, 2659341.852430601, 24896.3770, 202
900.0, 3072671.0712118507, 24518.8040, 208
900.0, 1971613.6352968845, 33424.1720, 201
900.0, 2810596.319725007, 35974.2990, 202
900.0, 2515493.1656742794, 15478.0880, 197
900.0, 2605289.6127711353, 18950.5630, 200
900.0, 2544997.219509804, 19693.7890, 198
900.0, 2661845.409877176, 23201.7680, 192
900.0, 2512774.873073471, 23180.8620, 194
900.0, 3099884.666547433, 26357.7310, 200
900.0, 2369705.7395313377, 32460.2470, 188
900.0, 2574474.9229468405, 28698.7200, 198
900.0, 2323290.7080164473, 22717.5180, 182
900.0, 2493047.2474108795, 28096.7260, 188
900.0, 3157941.6223261626, 23706.9770, 189
900.0, 2065362.1526779546, 30477.0320, 182
900.0, 2282266.390687978, 24529.5780, 178
900.0, 2224884.5108566526, 25373.8370, 173
900.0, 2400216.7352121365, 17272.3380, 185
900.0, 2491371.1269485853, 34556.1940, 200
900.0, 2493329.755899872, 25630.3570, 198
900.0, 2534195.3023593775, 22409.7110, 187
900.0, 2899508.6031680573, 43815.0640, 198
900.0, 2488420.9763341225, 33751.7130, 199
900.0, 2515742.9195176903, 24667.6920, 183
900.0, 2425571.116707308, 24017.6110, 195
900.0, 2446815.2159264763, 20726.3020, 168
900.0, 2501966.0354867103, 18797.0580, 190
900.0, 2588403.0016405424, 23459.9040, 196
900.0, 2442054.2387026674, 24319.3410, 192
900.0, 2242710.2137858863, 37862.4230, 154
900.0, 2651918.8066184954, 24594.3680, 204
900.0, 3230121.6552982186, 26576.2790, 187
900.0, 2831910.618392183, 21655.8140, 202
900.0, 2280139.487276342, 22842.3300, 192
900.0, 2378416.6249195067, 16920.1880, 182
900.0, 2569378.3047746154, 25567.5080, 208
900.0, 2665004.516632546, 35866.9780, 182
900.0, 2853266.409136552, 19979.1930, 196
900.0, 2927558.5057248836, 26598.4810, 196
900.0, 3113780.6134698875, 24027.3120, 180
900.0, 2531116.2441810598, 35610.5760, 209
900.0, 2821999.9269217495, 37566.5250, 193
900.0, 2473948.3767455067, 33479.8650, 188
900.0, 2580470.066926469, 20831.7460, 176
900.0, 3039382.8908150885, 28055.4580, 205
900.0, 1913210.3831651534, 31699.0020, 186
900.0, 2582904.897591826, 19363.9500, 193
900.0, 2368048.9894677266, 17724.8210, 182
900.0, 2196254.566653042, 28804.9310, 184
900.0, 2518152.801094349, 34476.0440, 182
900.0, 2686117.8776564617, 27867.3650, 200
900.0, 2355590.351026146, 29117.3230, 195
900.0, 3013871.6720799278, 25318.5930, 198
900.0, 2602032.3084029783, 36358.6850, 190
900.0, 2808177.7037040237, 21453.4930, 204
900.0, 2547397.009775962, 29796.4980, 194
900.0, 2234922.88534768, 28569.9040, 183
900.0, 2268146.047802883, 20685.3110, 195
900.0, 2304477.6407926218, 28126.0740, 186
900.0, 2440384.289218247, 31094.8790, 192
900.0, 2948244.1404585, 25761.8650, 203
900.0, 2767735.9611035427, 21052.1990, 198
900.0, 2190833.5673047896, 26107.7680, 188
900.0, 2852691.701350882, 18989.2480, 196
900.0, 2781370.827569127, 24393.2580, 185
900.0, 2345460.512145566, 29850.7900, 182
900.0, 2150858.9690692336, 22474.1030, 183
900.0, 2370657.5072253845, 23974.0000, 182
900.0, 2228314.711142969, 28363.1720, 184
900.0, 3453140.7322381046, 19584.4350, 215
900.0, 2606156.5303028203, 19333.3880, 194
900.0, 2646230.7101101866, 21832.6910, 202
900.0, 2181243.9573513963, 21154.2070, 204
900.0, 2874582.4624387915, 15517.4450, 206
900.0, 2767433.6766373287, 34199.2560, 180
900.0, 2514832.677331459, 21261.5730, 204
900.0, 2643179.105893696, 30001.0990, 208
900.0, 2711235.740380686, 21644.6600, 190
900.0, 2453417.055687657, 18998.0050, 204
900.0, 2119153.1653021313, 22094.8430, 193
900.0, 2546092.3945133467, 38341.8930, 201
900.0, 2396496.4516340448, 33199.9160, 172
900.0, 2908505.8747836077, 31892.1910, 204
900.0, 2130487.047408548, 26988.8990, 198
900.0, 2522101.2359584062, 24762.3110, 192
900.0, 2379583.868151841, 30290.8350, 186
900.0, 2423422.214029325, 19881.3380, 198
900.0, 2414546.4707106487, 33051.5040, 179
900.0, 2930804.432044541, 32185.6370, 207
900.0, 2724141.560463697, 22302.4820, 189
900.0, 2452346.125504813, 28006.4420, 188
900.0, 2374082.323072911, 19760.8000, 188
900.0, 2292239.8346373374, 24564.5120, 174
900.0, 3040415.769065643, 16357.3560, 188
900.0, 2396227.9947374403, 23079.6840, 187
900.0, 2760082.523042091, 26003.4110, 209
900.0, 2452859.8047588193, 29156.2060, 198
900.0, 3183268.795032101, 22610.0810, 204
900.0, 2557128.3201845717, 18725.1280, 197
900.0, 2303866.0251713307, 24127.8590, 187
900.0, 2406557.020710599, 23075.7490, 182
900.0, 2339181.5451309956, 20758.3090, 189
900.0, 2411953.2818464288, 24862.1390, 185
900.0, 2315320.344301431, 26805.7560, 188
900.0, 2433725.4271108704, 22161.3860, 176
900.0, 2809102.8565781275, 17231.9790, 182
900.0, 2308134.400526777, 21555.8920, 170
900.0, 2164257.4768480035, 23067.9190, 197
900.0, 2918742.443779043, 21679.1500, 190
900.0, 3109305.898475208, 33362.2880, 196
900.0, 2312016.597514314, 20338.5150, 184
900.0, 2835050.6614976814, 24911.1150, 193
900.0, 2081421.9992098669, 28750.1200, 196
900.0, 2560863.96809267, 35514.9130, 192
900.0, 2944896.606276766, 21028.9100, 186
900.0, 2639948.197843745, 35322.5840, 191
900.0, 2665898.3982552425, 26668.8510, 200
900.0, 2817065.0338394092, 19516.1420, 197
900.0, 2933418.164801158, 20083.2600, 202
900.0, 2957309.030984263, 24239.1450, 186
900.0, 2400883.223170638, 24180.5770, 186
900.0, 2813808.600508378, 23631.3610, 199
900.0, 2451358.3114336347, 22517.8480, 211
900.0, 2747108.818129749, 34126.3690, 206
900.0, 2532411.249936172, 24987.7670, 201
900.0, 2959978.758803087, 23255.7460, 215
900.0, 2594519.3363978607, 29763.9240, 192
900.0, 1978631.3765903008, 23507.1900, 177
900.0, 2185058.0299310037, 19288.3700, 189
1000.0, 2296228.7822924247, 22947.8770, 166
1000.0, 2015947.4442657267, 27882.6670, 188
1000.0, 2764822.462402132, 22484.7690, 200
1000.0, 2484667.9045401937, 25682.3040, 195
1000.0, 2473804.0940992455, 21982.6970, 185
1000.0, 2536233.4102689563, 22315.6980, 187
1000.0, 2603532.0708145746, 27026.4000, 213
1000.0, 2625123.543102879, 26763.8950, 203
1000.0, 2528362.273797459, 18884.6850, 188
1000.0, 2844388.107914026, 32501.2240, 192
1000.0, 2161006.7384406994, 29479.8260, 192
1000.0, 2305244.5383457835, 35148.3980, 195
1000.0, 2672306.991075196, 36045.3800, 200
1000.0, 2063771.952453544, 20722.5180, 178
1000.0, 2526270.040970888, 29898.4650, 182
1000.0, 2673394.0426732097, 36233.0090, 190
1000.0, 2435437.733788434, 33817.0300, 186
1000.0, 2657430.008192008, 26886.8870, 174
1000.0, 2860991.839639617, 23950.3780, 192
1000.0, 2273399.3627710287, 17804.2610, 184
1000.0, 2825137.423438397, 27064.8810, 201
1000.0, 2418280.9329057224, 22894.3720, 181
1000.0, 2633630.934353898, 30328.1370, 190
1000.0, 2575801.739061127, 17477.6460, 194
1000.0, 2266127.3982291864, 24097.0480, 184
1000.0, 2401972.655354642, 23259.2910, 186
1000.0, 2081176.7165942204, 19006.9050, 188
1000.0, 2778205.5050845817, 36806.5220, 196
1000.0, 2613959.9052367965, 21181.5300, 177
1000.0, 2190531.029780031, 28563.8780, 179
1000.0, 2894237.110333313, 22262.1370, 185
1000.0, 2516249.1775796944, 20617.8930, 186
1000.0, 2399288.77277525, 27456.5480, 190
1000.0, 3009546.16885572, 36315.9210, 186
1000.0, 2510676.2571623023, 16946.4800, 202
1000.0, 2373665.015082888, 27737.5230, 190
1000.0, 2402525.166244747, 29466.8420, 189
1000.0, 2127831.5470114397, 23602.6860, 187
1000.0, 1759086.5515854903, 24203.4690, 183
1000.0, 3051209.283962491, 32704.1260, 203
1000.0, 2739748.4635278955, 18395.0060, 210
1000.0, 2390138.612256994, 26385.9660, 199
1000.0, 2118892.232122422, 24411.4420, 181
1000.0, 2927294.615754423, 19675.5600, 182
1000.0, 2535629.86312163, 30267.3460, 185
1000.0, 2666005.7487248187, 19726.1520, 206
1000.0, 3378926.036132293, 41207.0930, 200
1000.0, 2333250.8810026236, 16855.0610, 163
1000.0, 2991584.6593667218, 29071.2350, 193
1000.0, 3355678.4416265874, 34273.2730, 206
1000.0, 2190813.237626158, 17236.1640, 171
1000.0, 2468986.700128305, 25497.1420, 189
1000.0, 2485886.0931360987, 23157.3320, 182
1000.0, 2496655.4851575033, 28726.0580, 192
1000.0, 2364003.827583874, 18258.6620, 186
1000.0, 2815021.2726374795, 21129.8040, 196
1000.0, 2302118.7787150335, 28172.9840, 197
1000.0, 2321513.5412135557, 28409.1260, 206
1000.0, 2483719.807532869, 23955.8420, 178
1000.0, 2797581.2128870958, 19748.9260, 198
1000.0, 3092625.4438231364, 27803.3710, 208
1000.0, 1997550.3461421325, 32987.2540, 203
1000.0, 2973059.5263559646, 33587.6430, 197
1000.0, 2523027.313436988, 18449.1000, 197
1000.0, 2601247.4469583626, 21603.9920, 197
1000.0, 2648732.7272724914, 21268.7690, 197
1000.0, 2551437.6671996345, 20130.3490, 194
1000.0, 2543319.0877777617, 24746.4570, 196
1000.0, 3008664.164685413, 19054.1190, 199
1000.0, 2461676.1996041867, 24392.6380, 187
1000.0, 2614790.737450557, 24719.0700, 195
1000.0, 2424810.253093863, 23869.0940, 180
1000.0, 2715949.775699006, 29380.7140, 182
1000.0, 3096919.8886597203, 18865.9200, 194
1000.0, 2148861.34472535, 27509.9100, 179
1000.0, 2185946.520137355, 26991.3310, 182
1000.0, 2159023.095063982, 22647.7610, 176
1000.0, 2463411.1068039997, 18637.1320, 188
1000.0, 2436654.0948784538, 27004.2590, 201
1000.0, 2495413.5815442335, 23973.5430, 196
1000.0, 2547291.324380903, 21890.4610, 187
1000.0, 3116532.2608618475, 35418.3880, 194
1000.0, 2594012.226436803, 31489.2270, 197
1000.0, 2435786.0926561817, 31275.8440, 186
1000.0, 2571242.79455226, 28287.1810, 195
1000.0, 2529137.13467976, 18213.8860, 169
1000.0, 2458414.106507942, 22748.4350, 191
1000.0, 2479322.6969473446, 25062.5330, 194
1000.0, 2549166.74578079, 24409.9050, 192
1000.0, 2234197.4678703807, 33060.7020, 155
1000.0, 2585188.6378158, 19904.1280, 205
1000.0, 3289692.7807776122, 30768.0440, 189
1000.0, 2860482.1921383487, 22975.8210, 202
1000.0, 2267642.895503421, 22258.1800, 194
1000.0, 2396914.484319266, 20293.5550, 184
1000.0, 2508329.244357389, 28009.4670, 211
1000.0, 2656626.0667574964, 37609.8270, 184
1000.0, 2848102.4216578943, 17461.9870, 198
1000.0, 2904986.341899982, 24208.4260, 198
1000.0, 3159344.8727371683, 22722.2490, 182
1000.0, 2385690.7830550205, 32926.3920, 204
1000.0, 2823904.177636002, 35468.9820, 195
1000.0, 2537826.5180603173, 26483.4000, 188
1000.0, 2570375.8649203046, 24990.0820, 180
1000.0, 3114611.8870394384, 28536.7850, 205
1000.0, 2010961.1151990222, 32957.0950, 184
1000.0, 2424463.6763133295, 21857.9830, 193
1000.0, 2449953.1682483084, 19110.9880, 184
1000.0, 2062716.31053695, 32289.4710, 186
1000.0, 2600074.826430556, 39613.0000, 181
1000.0, 2884652.4892400037, 24806.7820, 194
1000.0, 2471726.3183111614, 28996.4440, 194
1000.0, 3066468.679712255, 27302.4920, 198
1000.0, 2721540.8700570115, 32687.8940, 188
1000.0, 2835452.313663733, 20678.5880, 199
1000.0, 2440673.676710175, 32780.6010, 197
1000.0, 2240829.263875439, 22467.4460, 180
1000.0, 2317256.5167590757, 18829.2480, 192
1000.0, 2398527.6335790735, 30288.4960, 184
1000.0, 2476786.2935107304, 33525.4370, 192
1000.0, 2989488.267273824, 26377.3510, 202
1000.0, 2740333.136277625, 18808.0920, 200
1000.0, 2182874.709140365, 25762.2960, 188
1000.0, 2564270.8630656484, 23159.0980, 202
1000.0, 2887443.408271655, 25777.4880, 187
1000.0, 2399139.985088973, 27953.8170, 180
1000.0, 2239073.485077289, 19164.2400, 182
1000.0, 2212897.739366154, 24244.7680, 183
1000.0, 2294725.9999290425, 31631.5320, 182
1000.0, 3470543.0199985416, 16563.4960, 215
1000.0, 2376559.0514190844, 19403.3360, 200
1000.0, 2746325.644639205, 23061.3120, 200
1000.0, 2308722.6234405315, 22736.1000, 198
1000.0, 2765148.405470577, 16432.5190, 208
1000.0, 2662425.340133605, 37320.0930, 183
1000.0, 2438404.998965017, 22412.4950, 205
1000.0, 3000559.720353338, 25844.4010, 204
1000.0, 2619535.3321574847, 25096.8300, 194
1000.0, 2533454.265390625, 17732.4470, 203
1000.0, 1985247.7846415984, 24389.3860, 196
1000.0, 2645090.573914988, 37232.3700, 199
1000.0, 2333505.6915564965, 29581.8510, 170
1000.0, 2917695.9550860203, 27592.2370, 200
1000.0, 2344645.9868725366, 21562.4030, 194
1000.0, 2376270.105105097, 25159.1690, 194
1000.0, 2307218.3273637556, 29852.6760, 188
1000.0, 2514790.0714268633, 21457.0100, 196
1000.0, 2322197.6229717303, 37034.6460, 183
1000.0, 2829448.3939357596, 31019.9660, 207
1000.0, 2611147.103668099, 24448.5050, 191
1000.0, 2376159.2013437683, 23718.8050, 188
1000.0, 2262948.8582368977, 17013.0440, 190
1000.0, 2295959.552423987, 28155.9940, 172
1000.0, 3131993.689019627, 17088.8790, 188
1000.0, 2468318.9152465807, 27005.7620, 188
1000.0, 2726311.4647411047, 25843.7530, 212
1000.0, 2390024.460415847, 33176.5500, 202
1000.0, 3312035.941210466, 20243.7770, 201
1000.0, 2551456.228773198, 18892.9060, 190
1000.0, 2185600.46572074, 24866.2920, 190
1000.0, 2385257.8212530627, 21321.8360, 180
1000.0, 2235169.1900412804, 23555.9640, 193
1000.0, 2320111.255913761, 29305.5190, 185
1000.0, 2483278.633343249, 26013.0660, 188
1000.0, 2289011.4002331905, 27138.1730, 180
1000.0, 2752339.399878798, 16221.6490, 183
1000.0, 2369447.943536429, 21425.9890, 170
1000.0, 2434774.921980066, 20511.2620, 192
1000.0, 2819349.845739911, 22368.0830, 194
1000.0, 3044404.243604082, 35137.8880, 196
1000.0, 2403741.2647368754, 20571.5310, 185
1000.0, 2834627.879380739, 27563.7970, 193
1000.0, 2365610.3766249376, 18961.2700, 194
1000.0, 2707946.6504100105, 34763.4160, 190
1000.0, 2795884.3735867753, 23627.3680, 188
1000.0, 2698564.1659743045, 31068.9630, 190
1000.0, 2524544.221489009, 24916.1100, 203
1000.0, 2959279.2428863486, 20049.7850, 194
1000.0, 2991946.3806081293, 19383.5140, 200
1000.0, 2803839.500951931, 23600.2570, 191
1000.0, 2569573.819424372, 20821.2720, 182
1000.0, 2816948.636731016, 23607.9580, 199
1000.0, 2487203.767950263, 22708.1590, 208
1000.0, 2709905.776172477, 36393.9930, 211
1000.0, 2461383.366381593, 29251.4480, 198
1000.0, 2853492.004960059, 25251.6230, 214
1000.0, 2557661.1836787127, 31272.1430, 196
1000.0, 1984063.3638188867, 22568.9380, 178
1000.0, 1960933.4450526538, 23979.0720, 195
1000.0, 2328836.6469745715, 33174.4370, 179
1000.0, 2899729.9591443324, 24184.1610, 192
1000.0, 2652031.0699049057, 29062.5760, 184
1000.0, 2457611.928852305, 18882.4880, 200
1000.0, 2631091.7781935893, 21960.1290, 184
1000.0, 2645695.6931922697, 23513.7800, 201
1000.0, 2924048.4150160076, 31981.7570, 201
1000.0, 2473215.8053260413, 31932.1170, 189
1000.0, 3136046.194105436, 29176.2230, 191
1000.0, 2741119.146796198, 34414.5540, 186
1000.0, 1985194.3307319556, 24480.8680, 187
